Timestamp,ID,Temperature,Humidity,Pressure,Altitude
2023-03-04T16:04:14,1,32.97,31.84,"1010.65

",
2023-03-04T16:04:29+05:30,2,32.95,32.39,"1010.67

",
2023-03-04T16:04:45+05:30,3,32.84,31.4,"1010.65

",
2023-03-04T16:05:01+05:30,4,32.83,31.93,"1010.63

",
2023-03-04T16:05:17+05:30,5,32.86,31.58,"1010.62

",
2023-03-04T16:05:55+05:30,6,32.81,32.73,"1010.64

",
2023-03-04T16:06:11+05:30,7,32.96,33.51,"1010.66

",
2023-03-04T16:06:27+05:30,8,32.99,32.53,"1010.66

",
2023-03-04T16:06:43+05:30,9,32.96,34.5,"1010.65

",
2023-03-04T16:06:59+05:30,10,182.45,nan,"nan

",
2023-03-04T16:07:15+05:30,11,182.45,100,"-162.54

",
2023-03-04T16:07:31+05:30,12,nan,nan,"nan

",
2023-03-04T16:57:04+05:30,13,31.68,35.21,"1010.80

",
2023-03-04T16:57:24+05:30,14,31.23,33.52,"1010.73

",
2023-03-04T16:57:39+05:30,15,31.04,33.3,"1010.75

",
2023-03-04T16:57:55+05:30,16,30.92,33.19,"1010.74

",
2023-03-04T16:58:11+05:30,17,30.84,33.42,"1010.77

",
2023-03-04T16:58:27+05:30,18,30.81,33.3,"1010.79

",
2023-03-04T16:58:43+05:30,19,30.77,33.31,"1010.79

",
2023-03-04T16:58:59+05:30,20,30.76,33.22,"1010.81

",
2023-03-04T16:59:15+05:30,21,30.74,33.2,"1010.78

",
2023-03-04T16:59:31+05:30,22,30.75,33.32,"1010.78

",
2023-03-04T16:59:47+05:30,23,30.77,33.32,"1010.77

",
2023-03-04T17:00:03+05:30,24,30.76,33.16,"1010.76

",
2023-03-04T17:00:19+05:30,25,30.76,33.17,"1010.81

",
2023-03-04T17:00:46+05:30,26,30.56,33.26,"1010.81

",
2023-03-04T17:01:33+05:30,27,30.43,33.5,"1010.82

",
2023-03-04T17:01:48+05:30,28,30.45,33.46,"1010.83

",
2023-03-04T17:02:04+05:30,29,30.46,33.49,"1010.85

",
2023-03-04T17:02:20+05:30,30,30.45,33.48,"1010.83

",
2023-03-04T17:02:36+05:30,31,30.46,33.5,"1010.87

",
2023-03-04T17:02:52+05:30,32,30.45,33.48,"1010.87

",
2023-03-04T17:03:08+05:30,33,30.46,33.54,"1010.84

",
2023-03-04T17:03:24+05:30,34,30.48,33.54,"1010.84

",
2023-03-04T17:03:40+05:30,35,30.49,33.55,"1010.87

",
2023-03-04T17:03:56+05:30,36,30.49,33.5,"1010.87

",
2023-03-04T17:04:12+05:30,37,30.49,33.54,"1010.89

",
2023-03-04T17:04:28+05:30,38,30.49,33.55,"1010.87

",
2023-03-04T17:04:43+05:30,39,30.49,33.54,"1010.91

",
2023-03-04T17:05:32+05:30,40,30.48,33.77,"1010.84

",
2023-03-04T17:05:48+05:30,41,30.52,33.54,"1010.82

",
2023-03-04T17:06:04+05:30,42,30.53,33.51,"1010.83

",
2023-03-04T17:06:20+05:30,43,30.53,33.51,"1010.83

",
2023-03-04T17:06:35+05:30,44,30.52,33.5,"1010.81

",
2023-03-04T17:06:51+05:30,45,30.53,33.49,"1010.83

",
2023-03-04T17:07:07+05:30,46,30.52,33.56,"1010.89

",
2023-03-04T17:07:23+05:30,47,30.52,33.54,"1010.85

",
2023-03-04T17:07:39+05:30,48,30.53,33.51,"1010.86

",
2023-03-04T17:07:55+05:30,49,30.53,33.54,"1010.86

",
2023-03-04T17:08:11+05:30,50,30.53,33.55,"1010.84

",
2023-03-04T17:08:27+05:30,51,30.54,33.58,"1010.83

",
2023-03-04T17:08:43+05:30,52,30.55,33.66,"1010.87

",
2023-03-04T17:08:59+05:30,53,30.56,33.68,"1010.85

",
2023-03-04T17:09:15+05:30,54,30.57,33.73,"1010.81

",
2023-03-04T17:09:31+05:30,55,30.57,33.72,"1010.83

",
2023-03-04T17:09:46+05:30,56,30.57,33.75,"1010.83

",
2023-03-04T17:10:02+05:30,57,30.57,33.81,"1010.84

",
2023-03-04T17:10:18+05:30,58,30.57,33.8,"1010.85

",
2023-03-04T17:10:34+05:30,59,30.57,33.78,"1010.83

",
2023-03-04T17:10:50+05:30,60,30.58,33.7,"1010.84

",
2023-03-04T17:11:06+05:30,61,30.58,33.72,"1010.87

",
2023-03-04T17:11:22+05:30,62,30.58,33.86,"1010.85

",
2023-03-04T17:11:38+05:30,63,30.59,33.88,"1010.86

",
2023-03-04T17:11:54+05:30,64,30.59,33.85,"1010.85

",
2023-03-04T17:12:10+05:30,65,30.6,33.97,"1010.82

",
2023-03-04T17:12:25+05:30,66,30.61,33.86,"1010.82

",
2023-03-04T17:12:41+05:30,67,30.61,33.72,"1010.85

",
2023-03-04T17:12:57+05:30,68,30.62,33.61,"1010.90

",
2023-03-04T17:13:13+05:30,69,30.62,33.46,"1010.87

",
2023-03-04T17:13:29+05:30,70,30.61,33.35,"1010.90

",
2023-03-04T17:13:45+05:30,71,30.62,33.39,"1010.85

",
2023-03-04T17:14:01+05:30,72,30.62,33.37,"1010.88

",
2023-03-04T17:14:17+05:30,73,30.62,33.21,"1010.85

",
2023-03-04T17:14:33+05:30,74,30.62,33.36,"1010.88

",
2023-03-04T17:14:49+05:30,75,30.62,33.09,"1010.87

",
2023-03-04T17:15:05+05:30,76,30.62,33.21,"1010.86

",
2023-03-04T17:15:21+05:30,77,30.62,33.25,"1010.89

",
2023-03-04T17:15:37+05:30,78,30.62,33.07,"1010.83

",
2023-03-04T17:15:53+05:30,79,30.62,32.98,"1010.81

",
2023-03-04T17:16:09+05:30,80,30.63,33.02,"1010.85

",
2023-03-04T17:16:25+05:30,81,30.63,33.41,"1010.84

",
2023-03-04T17:16:41+05:30,82,30.63,33.17,"1010.90

",
2023-03-04T17:16:57+05:30,83,30.63,33.07,"1010.87

",
2023-03-04T17:17:13+05:30,84,30.63,33.05,"1010.86

",
2023-03-04T17:17:28+05:30,85,30.63,33.03,"1010.88

",
2023-03-04T17:17:44+05:30,86,30.64,32.97,"1010.88

",
2023-03-04T17:17:59+05:30,87,30.64,33.06,"1010.85

",
2023-03-04T17:18:15+05:30,88,30.64,33.01,"1010.85

",
2023-03-04T17:18:31+05:30,89,30.64,33.03,"1010.83

",
2023-03-04T17:18:47+05:30,90,30.65,33.03,"1010.87

",
2023-03-04T17:19:03+05:30,91,30.64,33.38,"1010.88

",
2023-03-04T17:19:19+05:30,92,30.64,33.47,"1010.87

",
2023-03-04T17:19:35+05:30,93,30.64,33.14,"1010.87

",
2023-03-04T17:19:51+05:30,94,30.64,33.62,"1010.89

",
2023-03-04T17:20:07+05:30,95,30.63,34.02,"1010.88

",
2023-03-04T17:20:23+05:30,96,30.64,33.4,"1010.84

",
2023-03-04T17:20:39+05:30,97,30.64,33.21,"1010.86

",
2023-03-04T17:20:55+05:30,98,30.64,33.27,"1010.86

",
2023-03-04T17:21:11+05:30,99,30.65,33.11,"1010.90

",
2023-03-04T17:21:27+05:30,100,30.64,33.15,"1010.89

",
2023-03-04T17:21:43+05:30,101,30.64,33.21,"1010.86

",
2023-03-04T17:21:59+05:30,102,30.64,33.22,"1010.89

",
2023-03-04T17:22:15+05:30,103,30.65,33.17,"1010.89

",
2023-03-04T17:22:31+05:30,104,30.64,33.23,"1010.90

",
2023-03-04T17:22:47+05:30,105,30.64,33.31,"1010.89

",
2023-03-04T17:23:03+05:30,106,30.64,33.27,"1010.86

",
2023-03-04T17:23:19+05:30,107,30.64,33.09,"1010.87

",
2023-03-04T17:23:35+05:30,108,30.64,33.17,"1010.89

",
2023-03-04T17:23:51+05:30,109,30.65,33.1,"1010.92

",
2023-03-04T17:24:07+05:30,110,30.64,33.09,"1010.89

",
2023-03-04T17:24:23+05:30,111,30.64,33.06,"1010.93

",
2023-03-04T17:24:38+05:30,112,30.64,33.13,"1010.91

",
2023-03-04T17:24:54+05:30,113,30.64,33.14,"1010.90

",
2023-03-04T17:25:10+05:30,114,30.64,33.16,"1010.88

",
2023-03-04T17:25:26+05:30,115,30.64,33.21,"1010.92

",
2023-03-04T17:25:42+05:30,116,30.65,33.23,"1010.92

",
2023-03-04T17:25:58+05:30,117,30.65,33.63,"1010.94

",
2023-03-04T17:26:14+05:30,118,30.64,34.05,"1010.91

",
2023-03-04T17:26:30+05:30,119,30.64,33.64,"1010.92

",
2023-03-04T17:26:46+05:30,120,30.63,34.06,"1010.90

",
2023-03-04T17:27:02+05:30,121,30.64,33.96,"1010.93

",
2023-03-04T17:27:18+05:30,122,30.64,33.7,"1010.92

",
2023-03-04T17:27:34+05:30,123,30.63,33.74,"1010.92

",
2023-03-04T17:27:50+05:30,124,30.63,33.35,"1010.91

",
2023-03-04T17:28:06+05:30,125,30.63,33.36,"1010.96

",
2023-03-04T17:28:22+05:30,126,30.63,33.36,"1010.91

",
2023-03-04T17:28:38+05:30,127,30.64,33.36,"1010.92

",
2023-03-04T17:28:54+05:30,128,30.64,33.4,"1010.93

",
2023-03-04T17:29:10+05:30,129,30.64,33.48,"1010.94

",
2023-03-04T17:29:26+05:30,130,30.64,33.43,"1010.95

",
2023-03-04T17:29:42+05:30,131,30.64,33.85,"1010.93

",
2023-03-04T17:29:58+05:30,132,30.64,33.83,"1010.99

",
2023-03-04T17:30:14+05:30,133,30.64,33.82,"1010.96

",
2023-03-04T17:30:30+05:30,134,30.63,33.92,"1010.96

",
2023-03-04T17:30:46+05:30,135,30.63,34.06,"1010.99

",
2023-03-04T17:31:02+05:30,136,30.63,34.11,"1011.00

",
2023-03-04T17:31:18+05:30,137,30.62,34.05,"1010.99

",
2023-03-04T17:31:34+05:30,138,30.62,34.43,"1010.97

",
2023-03-04T17:31:50+05:30,139,30.62,34.52,"1010.99

",
2023-03-04T17:32:06+05:30,140,30.61,34.43,"1010.98

",
2023-03-04T17:32:22+05:30,141,30.61,34.27,"1011.00

",
2023-03-04T17:32:38+05:30,142,30.6,34.5,"1011.01

",
2023-03-04T17:32:54+05:30,143,30.6,34.63,"1011.01

",
2023-03-04T17:33:10+05:30,144,30.6,34.27,"1011.05

",
2023-03-04T17:33:25+05:30,145,30.6,34.5,"1011.05

",
2023-03-04T17:33:42+05:30,146,30.61,34.78,"1011.06

",
2023-03-04T17:33:58+05:30,147,30.6,34.52,"1011.03

",
2023-03-04T17:34:14+05:30,148,30.59,34.37,"1011.02

",
2023-03-04T17:34:30+05:30,149,30.6,34.74,"1011.03

",
2023-03-04T17:34:46+05:30,150,30.59,34.92,"1011.06

",
2023-03-04T17:35:02+05:30,151,30.59,34.92,"1011.04

",
2023-03-04T17:35:18+05:30,152,30.59,34.47,"1011.07

",
2023-03-04T17:35:34+05:30,153,30.59,34.51,"1011.08

",
2023-03-04T17:35:50+05:30,154,30.59,34.65,"1011.05

",
2023-03-04T17:36:06+05:30,155,30.59,34.17,"1011.05

",
2023-03-04T17:36:21+05:30,156,30.59,33.84,"1011.07

",
2023-03-04T17:36:37+05:30,157,30.6,33.8,"1011.04

",
2023-03-04T17:36:53+05:30,158,30.61,33.76,"1011.09

",
2023-03-04T17:37:09+05:30,159,30.61,33.79,"1011.05

",
2023-03-04T17:37:25+05:30,160,30.61,33.72,"1011.06

",
2023-03-04T17:37:41+05:30,161,30.62,33.7,"1011.07

",
2023-03-04T17:37:57+05:30,162,30.63,33.65,"1011.10

",
2023-03-04T17:38:13+05:30,163,30.63,33.63,"1011.07

",
2023-03-04T17:38:29+05:30,164,30.63,34.08,"1011.05

",
2023-03-04T17:38:45+05:30,165,30.63,34.89,"1011.13

",
2023-03-04T17:39:01+05:30,166,30.62,34.26,"1011.07

",
2023-03-04T17:39:17+05:30,167,30.61,34.3,"1011.10

",
2023-03-04T17:39:33+05:30,168,30.61,34.14,"1011.08

",
2023-03-04T17:39:49+05:30,169,30.61,33.99,"1011.09

",
2023-03-04T17:40:05+05:30,170,30.62,34.11,"1011.09

",
2023-03-04T17:40:21+05:30,171,30.61,34,"1011.09

",
2023-03-04T17:40:37+05:30,172,30.62,34.06,"1011.12

",
2023-03-04T17:40:53+05:30,173,30.62,34.35,"1011.11

",
2023-03-04T17:41:09+05:30,174,30.62,34.08,"1011.13

",
2023-03-04T17:41:25+05:30,175,30.63,33.89,"1011.11

",
2023-03-04T17:41:41+05:30,176,30.63,33.94,"1011.12

",
2023-03-04T17:41:57+05:30,177,30.64,34.23,"1011.13

",
2023-03-04T17:42:13+05:30,178,30.64,34.16,"1011.15

",
2023-03-04T17:42:28+05:30,179,30.65,34.15,"1011.12

",
2023-03-04T17:42:44+05:30,180,30.65,34.04,"1011.13

",
2023-03-04T17:43:00+05:30,181,30.66,34.22,"1011.15

",
2023-03-04T17:43:16+05:30,182,30.65,34.22,"1011.13

",
2023-03-04T17:43:32+05:30,183,30.65,34.23,"1011.15

",
2023-03-04T17:43:48+05:30,184,30.64,34.29,"1011.13

",
2023-03-04T17:44:04+05:30,185,30.64,34.28,"1011.17

",
2023-03-04T17:44:20+05:30,186,30.65,34.36,"1011.14

",
2023-03-04T17:44:36+05:30,187,30.64,34.58,"1011.18

",
2023-03-04T17:44:52+05:30,188,30.63,34.54,"1011.18

",
2023-03-04T17:45:08+05:30,189,30.63,34.43,"1011.17

",
2023-03-04T17:45:23+05:30,190,30.63,34.25,"1011.17

",
2023-03-04T17:45:39+05:30,191,30.64,34.45,"1011.18

",
2023-03-04T17:45:55+05:30,192,30.64,34.29,"1011.17

",
2023-03-04T17:46:11+05:30,193,30.63,34.3,"1011.16

",
2023-03-04T17:46:27+05:30,194,30.63,34.44,"1011.17

",
2023-03-04T17:46:42+05:30,195,30.63,34.31,"1011.19

",
2023-03-04T17:46:58+05:30,196,30.63,34.36,"1011.14

",
2023-03-04T17:47:14+05:30,197,30.63,34.39,"1011.17

",
2023-03-04T17:47:30+05:30,198,30.63,34.42,"1011.18

",
2023-03-04T17:47:46+05:30,199,30.63,34.39,"1011.19

",
2023-03-04T17:48:02+05:30,200,30.63,34.75,"1011.17

",
2023-03-04T17:48:18+05:30,201,30.62,34.85,"1011.18

",
2023-03-04T17:48:34+05:30,202,30.62,34.71,"1011.19

",
2023-03-04T17:48:50+05:30,203,30.62,34.58,"1011.22

",
2023-03-04T17:49:05+05:30,204,30.62,34.51,"1011.21

",
2023-03-04T17:49:21+05:30,205,30.62,34.45,"1011.17

",
2023-03-04T17:49:37+05:30,206,30.63,34.46,"1011.21

",
2023-03-04T17:49:53+05:30,207,30.63,34.63,"1011.21

",
2023-03-04T17:50:09+05:30,208,30.64,34.55,"1011.19

",
2023-03-04T17:50:25+05:30,209,30.64,34.44,"1011.21

",
2023-03-04T17:50:41+05:30,210,30.64,34.44,"1011.22

",
2023-03-04T17:50:57+05:30,211,30.65,34.44,"1011.22

",
2023-03-04T17:51:13+05:30,212,30.65,34.43,"1011.24

",
2023-03-04T17:51:29+05:30,213,30.65,34.49,"1011.22

",
2023-03-04T17:51:45+05:30,214,30.65,34.51,"1011.23

",
2023-03-04T17:52:00+05:30,215,30.65,34.44,"1011.25

",
2023-03-04T17:52:16+05:30,216,30.65,34.3,"1011.23

",
2023-03-04T17:52:32+05:30,217,30.65,34.49,"1011.25

",
2023-03-04T17:52:48+05:30,218,30.64,35.13,"1011.24

",
2023-03-04T17:53:04+05:30,219,30.64,34.71,"1011.26

",
2023-03-04T17:53:20+05:30,220,30.63,34.76,"1011.24

",
2023-03-04T17:53:36+05:30,221,30.63,34.52,"1011.25

",
2023-03-04T17:53:52+05:30,222,30.62,34.45,"1011.24

",
2023-03-04T17:54:08+05:30,223,30.63,34.49,"1011.26

",
2023-03-04T17:54:24+05:30,224,30.63,34.92,"1011.28

",
2023-03-04T17:54:40+05:30,225,30.63,34.95,"1011.30

",
2023-03-04T17:54:55+05:30,226,30.61,34.8,"1011.27

",
2023-03-04T17:55:11+05:30,227,30.62,34.53,"1011.27

",
2023-03-04T17:55:27+05:30,228,30.62,34.58,"1011.27

",
2023-03-04T17:55:43+05:30,229,30.62,34.7,"1011.29

",
2023-03-04T17:55:59+05:30,230,30.61,34.98,"1011.31

",
2023-03-04T17:56:15+05:30,231,30.61,34.87,"1011.30

",
2023-03-04T17:56:31+05:30,232,30.59,34.72,"1011.29

",
2023-03-04T17:56:47+05:30,233,30.59,34.84,"1011.31

",
2023-03-04T17:57:03+05:30,234,30.59,34.94,"1011.31

",
2023-03-04T17:57:18+05:30,235,30.59,34.66,"1011.29

",
2023-03-04T17:57:34+05:30,236,30.6,34.77,"1011.30

",
2023-03-04T17:57:50+05:30,237,30.6,34.88,"1011.34

",
2023-03-04T17:58:06+05:30,238,30.59,34.95,"1011.33

",
2023-03-04T17:58:22+05:30,239,30.59,34.82,"1011.34

",
2023-03-04T17:58:38+05:30,240,30.58,34.77,"1011.33

",
2023-03-04T17:58:54+05:30,241,30.59,34.71,"1011.31

",
2023-03-04T17:59:10+05:30,242,30.59,35.06,"1011.31

",
2023-03-04T17:59:26+05:30,243,30.59,34.98,"1011.32

",
2023-03-04T17:59:42+05:30,244,30.59,34.93,"1011.35

",
2023-03-04T17:59:57+05:30,245,30.6,34.75,"1011.34

",
2023-03-04T18:00:13+05:30,246,30.6,34.59,"1011.34

",
2023-03-04T18:00:29+05:30,247,30.61,34.5,"1011.36

",
2023-03-04T18:00:45+05:30,248,30.61,34.85,"1011.35

",
2023-03-04T18:01:01+05:30,249,30.61,34.87,"1011.34

",
2023-03-04T18:01:17+05:30,250,30.6,34.91,"1011.34

",
2023-03-04T18:01:33+05:30,251,30.61,34.8,"1011.37

",
2023-03-04T18:01:49+05:30,252,30.61,34.86,"1011.36

",
2023-03-04T18:02:05+05:30,253,30.6,35.18,"1011.33

",
2023-03-04T18:02:20+05:30,254,30.6,34.97,"1011.36

",
2023-03-04T18:02:36+05:30,255,30.6,34.95,"1011.38

",
2023-03-04T18:02:52+05:30,256,30.58,34.87,"1011.38

",
2023-03-04T18:03:08+05:30,257,30.58,34.84,"1011.41

",
2023-03-04T18:03:24+05:30,258,30.58,35.04,"1011.38

",
2023-03-04T18:03:40+05:30,259,30.59,34.77,"1011.38

",
2023-03-04T18:03:56+05:30,260,30.59,34.8,"1011.40

",
2023-03-04T18:04:12+05:30,261,30.58,34.84,"1011.39

",
2023-03-04T18:04:28+05:30,262,30.58,34.86,"1011.39

",
2023-03-04T18:04:44+05:30,263,30.58,35.07,"1011.43

",
2023-03-04T18:05:00+05:30,264,30.58,35,"1011.41

",
2023-03-04T18:05:15+05:30,265,30.58,34.78,"1011.42

",
2023-03-04T18:05:32+05:30,266,30.58,34.79,"1011.40

",
2023-03-04T18:05:48+05:30,267,30.58,34.75,"1011.45

",
2023-03-04T18:06:04+05:30,268,30.59,34.78,"1011.41

",
2023-03-04T18:06:20+05:30,269,30.59,34.7,"1011.45

",
2023-03-04T18:06:36+05:30,270,30.59,34.74,"1011.44

",
2023-03-04T18:06:52+05:30,271,30.59,34.96,"1011.44

",
2023-03-04T18:07:08+05:30,272,30.58,34.96,"1011.46

",
2023-03-04T18:07:24+05:30,273,30.58,34.93,"1011.46

",
2023-03-04T18:07:40+05:30,274,30.57,35.28,"1011.43

",
2023-03-04T18:07:56+05:30,275,30.57,34.96,"1011.44

",
2023-03-04T18:08:11+05:30,276,30.57,34.96,"1011.48

",
2023-03-04T18:08:27+05:30,277,30.57,34.9,"1011.47

",
2023-03-04T18:08:43+05:30,278,30.58,34.93,"1011.46

",
2023-03-04T18:08:59+05:30,279,30.58,35.33,"1011.48

",
2023-03-04T18:09:15+05:30,280,30.58,34.98,"1011.45

",
2023-03-04T18:09:31+05:30,281,30.58,34.89,"1011.50

",
2023-03-04T18:09:47+05:30,282,30.57,35,"1011.48

",
2023-03-04T18:10:03+05:30,283,30.57,34.8,"1011.50

",
2023-03-04T18:10:19+05:30,284,30.57,34.86,"1011.51

",
2023-03-04T18:10:34+05:30,285,30.57,34.94,"1011.51

",
2023-03-04T18:10:50+05:30,286,30.56,34.9,"1011.50

",
2023-03-04T18:11:06+05:30,287,30.56,35.04,"1011.51

",
2023-03-04T18:11:22+05:30,288,30.56,34.99,"1011.50

",
2023-03-04T18:11:38+05:30,289,30.56,35.12,"1011.51

",
2023-03-04T18:11:54+05:30,290,30.56,35.23,"1011.50

",
2023-03-04T18:12:10+05:30,291,30.57,35.3,"1011.50

",
2023-03-04T18:12:26+05:30,292,30.57,35.31,"1011.49

",
2023-03-04T18:12:42+05:30,293,30.56,34.95,"1011.50

",
2023-03-04T18:12:58+05:30,294,30.57,35.33,"1011.51

",
2023-03-04T18:13:14+05:30,295,30.56,35.49,"1011.51

",
2023-03-04T18:13:30+05:30,296,30.57,35.35,"1011.53

",
2023-03-04T18:13:46+05:30,297,30.57,35.42,"1011.51

",
2023-03-04T18:14:02+05:30,298,30.56,35.35,"1011.53

",
2023-03-04T18:14:17+05:30,299,30.56,35.28,"1011.52

",
2023-03-04T18:14:33+05:30,300,30.57,34.96,"1011.53

",
2023-03-04T18:14:49+05:30,301,30.57,35.06,"1011.52

",
2023-03-04T18:15:05+05:30,302,30.57,35.07,"1011.54

",
2023-03-04T18:15:21+05:30,303,30.57,35.35,"1011.54

",
2023-03-04T18:15:37+05:30,304,30.56,35.2,"1011.54

",
2023-03-04T18:15:53+05:30,305,30.56,35.41,"1011.50

",
2023-03-04T18:16:09+05:30,306,30.57,35.4,"1011.58

",
2023-03-04T18:16:25+05:30,307,30.56,35.16,"1011.57

",
2023-03-04T18:16:41+05:30,308,30.56,35.53,"1011.59

",
2023-03-04T18:16:57+05:30,309,30.56,35.37,"1011.53

",
2023-03-04T18:17:13+05:30,310,30.56,35.43,"1011.56

",
2023-03-04T18:17:29+05:30,311,30.56,35.2,"1011.57

",
2023-03-04T18:17:44+05:30,312,30.56,35.19,"1011.56

",
2023-03-04T18:18:00+05:30,313,30.56,35.37,"1011.55

",
2023-03-04T18:18:16+05:30,314,30.56,35.42,"1011.54

",
2023-03-04T18:18:32+05:30,315,30.56,35.53,"1011.53

",
2023-03-04T18:18:48+05:30,316,30.56,35.53,"1011.53

",
2023-03-04T18:19:04+05:30,317,30.56,35.5,"1011.56

",
2023-03-04T18:19:20+05:30,318,30.55,35.54,"1011.56

",
2023-03-04T18:19:36+05:30,319,30.56,35.64,"1011.55

",
2023-03-04T18:19:52+05:30,320,30.55,35.65,"1011.59

",
2023-03-04T18:20:08+05:30,321,30.55,35.31,"1011.61

",
2023-03-04T18:20:24+05:30,322,30.55,35.31,"1011.61

",
2023-03-04T18:20:40+05:30,323,30.55,35.38,"1011.59

",
2023-03-04T18:20:56+05:30,324,30.54,35.51,"1011.60

",
2023-03-04T18:21:11+05:30,325,30.54,35.74,"1011.60

",
2023-03-04T18:21:27+05:30,326,30.54,35.65,"1011.60

",
2023-03-04T18:21:43+05:30,327,30.54,35.77,"1011.63

",
2023-03-04T18:21:59+05:30,328,30.55,35.74,"1011.63

",
2023-03-04T18:22:15+05:30,329,30.54,35.65,"1011.63

",
2023-03-04T18:22:31+05:30,330,30.54,35.7,"1011.63

",
2023-03-04T18:22:47+05:30,331,30.54,35.68,"1011.63

",
2023-03-04T18:23:03+05:30,332,30.54,35.54,"1011.65

",
2023-03-04T18:23:19+05:30,333,30.55,35.69,"1011.62

",
2023-03-04T18:23:34+05:30,334,30.55,35.78,"1011.65

",
2023-03-04T18:23:50+05:30,335,30.55,35.74,"1011.65

",
2023-03-04T18:24:06+05:30,336,30.55,35.57,"1011.64

",
2023-03-04T18:24:22+05:30,337,30.55,35.71,"1011.67

",
2023-03-04T18:24:38+05:30,338,30.54,35.84,"1011.67

",
2023-03-04T18:24:54+05:30,339,30.55,35.94,"1011.65

",
2023-03-04T18:25:10+05:30,340,30.55,35.98,"1011.67

",
2023-03-04T18:25:26+05:30,341,30.55,36.04,"1011.68

",
2023-03-04T18:25:42+05:30,342,30.55,35.91,"1011.71

",
2023-03-04T18:25:58+05:30,343,30.54,36.03,"1011.69

",
2023-03-04T18:26:13+05:30,344,30.55,35.93,"1011.69

",
2023-03-04T18:26:29+05:30,345,30.54,35.7,"1011.71

",
2023-03-04T18:26:45+05:30,346,30.54,35.76,"1011.67

",
2023-03-04T18:27:01+05:30,347,30.54,35.86,"1011.68

",
2023-03-04T18:27:17+05:30,348,30.54,35.93,"1011.70

",
2023-03-04T18:27:33+05:30,349,30.54,35.97,"1011.71

",
2023-03-04T18:27:49+05:30,350,30.54,35.98,"1011.70

",
2023-03-04T18:28:05+05:30,351,30.54,35.83,"1011.70

",
2023-03-04T18:28:21+05:30,352,30.55,35.99,"1011.71

",
2023-03-04T18:28:38+05:30,353,30.54,36.03,"1011.71

",
2023-03-04T18:28:54+05:30,354,30.53,36.02,"1011.72

",
2023-03-04T18:29:10+05:30,355,30.54,36.04,"1011.70

",
2023-03-04T18:29:26+05:30,356,30.55,35.93,"1011.72

",
2023-03-04T18:29:42+05:30,357,30.54,36,"1011.73

",
2023-03-04T18:29:58+05:30,358,30.53,35.88,"1011.72

",
2023-03-04T18:30:14+05:30,359,30.54,35.81,"1011.72

",
2023-03-04T18:30:30+05:30,360,30.53,35.88,"1011.76

",
2023-03-04T18:30:46+05:30,361,30.53,35.83,"1011.75

",
2023-03-04T18:31:02+05:30,362,30.53,36.03,"1011.72

",
2023-03-04T18:31:18+05:30,363,30.53,36.19,"1011.72

",
2023-03-04T18:31:34+05:30,364,30.53,36.23,"1011.75

",
2023-03-04T18:31:49+05:30,365,30.54,36.21,"1011.75

",
2023-03-04T18:32:05+05:30,366,30.53,36.17,"1011.73

",
2023-03-04T18:32:21+05:30,367,30.52,36.14,"1011.73

",
2023-03-04T18:32:37+05:30,368,30.53,36.05,"1011.76

",
2023-03-04T18:32:53+05:30,369,30.53,36.02,"1011.76

",
2023-03-04T18:33:09+05:30,370,30.53,36.33,"1011.74

",
2023-03-04T18:33:25+05:30,371,30.52,36.16,"1011.77

",
2023-03-04T18:33:41+05:30,372,30.52,36.1,"1011.75

",
2023-03-04T18:33:57+05:30,373,30.52,36.17,"1011.76

",
2023-03-04T18:34:13+05:30,374,30.53,35.93,"1011.78

",
2023-03-04T18:34:29+05:30,375,30.52,35.93,"1011.78

",
2023-03-04T18:34:45+05:30,376,30.53,35.99,"1011.77

",
2023-03-04T18:35:01+05:30,377,30.53,36,"1011.80

",
2023-03-04T18:35:17+05:30,378,30.54,36,"1011.78

",
2023-03-04T18:35:32+05:30,379,30.53,35.98,"1011.82

",
2023-03-04T18:35:48+05:30,380,30.53,36.22,"1011.77

",
2023-03-04T18:36:04+05:30,381,30.55,36.23,"1011.81

",
2023-03-04T18:36:20+05:30,382,30.56,37.93,"1011.78

",
2023-03-04T18:36:36+05:30,383,30.58,36.55,"1011.83

",
2023-03-04T18:36:52+05:30,384,30.58,36.37,"1011.81

",
2023-03-04T18:37:08+05:30,385,30.59,36.41,"1011.84

",
2023-03-04T18:37:24+05:30,386,30.59,36.2,"1011.82

",
2023-03-04T18:37:39+05:30,387,30.59,36.18,"1011.82

",
2023-03-04T18:37:55+05:30,388,30.59,36.2,"1011.81

",
2023-03-04T18:38:11+05:30,389,30.59,36.2,"1011.83

",
2023-03-04T18:38:27+05:30,390,30.59,36.23,"1011.81

",
2023-03-04T18:38:43+05:30,391,30.59,36.25,"1011.84

",
2023-03-04T18:38:59+05:30,392,30.59,36.21,"1011.84

",
2023-03-04T18:39:15+05:30,393,30.59,36.18,"1011.85

",
2023-03-04T18:39:30+05:30,394,30.59,36.25,"1011.86

",
2023-03-04T18:39:46+05:30,395,30.59,36.27,"1011.86

",
2023-03-04T18:40:02+05:30,396,30.59,36.29,"1011.86

",
2023-03-04T18:40:18+05:30,397,30.6,36.4,"1011.87

",
2023-03-04T18:40:34+05:30,398,30.59,36.5,"1011.87

",
2023-03-04T18:40:50+05:30,399,30.59,36.53,"1011.86

",
2023-03-04T18:41:06+05:30,400,30.59,36.53,"1011.86

",
2023-03-04T18:41:22+05:30,401,30.59,36.51,"1011.87

",
2023-03-04T18:41:37+05:30,402,30.59,36.56,"1011.87

",
2023-03-04T18:41:53+05:30,403,30.59,36.6,"1011.86

",
2023-03-04T18:42:09+05:30,404,30.59,36.61,"1011.89

",
2023-03-04T18:42:25+05:30,405,30.59,36.58,"1011.92

",
2023-03-04T18:42:41+05:30,406,30.58,36.54,"1011.90

",
2023-03-04T18:42:57+05:30,407,30.58,36.57,"1011.94

",
2023-03-04T18:43:13+05:30,408,30.59,36.65,"1011.93

",
2023-03-04T18:43:28+05:30,409,30.58,36.85,"1011.93

",
2023-03-04T18:43:44+05:30,410,30.59,37.02,"1011.92

",
2023-03-04T18:44:00+05:30,411,30.59,37.02,"1011.94

",
2023-03-04T18:44:16+05:30,412,30.59,37.08,"1011.95

",
2023-03-04T18:44:32+05:30,413,30.59,36.91,"1011.92

",
2023-03-04T18:44:48+05:30,414,30.58,36.94,"1011.91

",
2023-03-04T18:45:03+05:30,415,30.59,37.02,"1011.98

",
2023-03-04T18:45:19+05:30,416,30.59,37.16,"1012.00

",
2023-03-04T18:45:35+05:30,417,30.59,37.26,"1011.97

",
2023-03-04T18:45:51+05:30,418,30.59,37.35,"1011.97

",
2023-03-04T18:46:07+05:30,419,30.58,37.1,"1011.99

",
2023-03-04T18:46:22+05:30,420,30.58,37,"1011.98

",
2023-03-04T18:46:38+05:30,421,30.58,37.3,"1011.96

",
2023-03-04T18:46:54+05:30,422,30.58,37.6,"1012.02

",
2023-03-04T18:47:09+05:30,423,30.58,37.59,"1011.99

",
2023-03-04T18:47:25+05:30,424,30.58,37.65,"1011.98

",
2023-03-04T18:47:41+05:30,425,30.58,37.69,"1012.03

",
2023-03-04T18:47:57+05:30,426,30.58,37.64,"1012.01

",
2023-03-04T18:48:13+05:30,427,30.58,37.59,"1011.99

",
2023-03-04T18:48:28+05:30,428,30.57,37.73,"1011.99

",
2023-03-04T18:48:44+05:30,429,30.57,37.72,"1011.99

",
2023-03-04T18:49:00+05:30,430,30.57,37.46,"1012.03

",
2023-03-04T18:49:16+05:30,431,30.57,37.67,"1012.05

",
2023-03-04T18:49:32+05:30,432,30.57,37.56,"1012.03

",
2023-03-04T18:49:48+05:30,433,30.58,37.49,"1012.05

",
2023-03-04T18:50:03+05:30,434,30.57,37.43,"1012.04

",
2023-03-04T18:50:18+05:30,435,30.57,37.27,"1012.06

",
2023-03-04T18:50:34+05:30,436,30.57,37.22,"1012.06

",
2023-03-04T18:50:50+05:30,437,30.57,37.29,"1012.05

",
2023-03-04T18:51:06+05:30,438,30.57,37.24,"1012.05

",
2023-03-04T18:51:22+05:30,439,30.57,37.23,"1012.09

",
2023-03-04T18:51:38+05:30,440,30.56,37.25,"1012.06

",
2023-03-04T18:51:53+05:30,441,30.57,37.23,"1012.05

",
2023-03-04T18:52:09+05:30,442,30.56,37.25,"1012.11

",
2023-03-04T18:52:25+05:30,443,30.56,37.3,"1012.08

",
2023-03-04T18:52:41+05:30,444,30.56,37.31,"1012.10

",
2023-03-04T18:52:57+05:30,445,30.56,37.32,"1012.08

",
2023-03-04T18:53:13+05:30,446,30.56,37.31,"1012.07

",
2023-03-04T18:53:29+05:30,447,30.56,37.32,"1012.13

",
2023-03-04T18:53:45+05:30,448,30.57,37.33,"1012.10

",
2023-03-04T18:54:01+05:30,449,30.57,37.25,"1012.13

",
2023-03-04T18:54:17+05:30,450,30.57,37.31,"1012.13

",
2023-03-04T18:54:33+05:30,451,30.57,37.34,"1012.10

",
2023-03-04T18:54:49+05:30,452,30.57,37.46,"1012.13

",
2023-03-04T18:55:04+05:30,453,30.57,37.6,"1012.10

",
2023-03-04T18:55:20+05:30,454,30.57,37.64,"1012.11

",
2023-03-04T18:55:36+05:30,455,30.58,37.6,"1012.10

",
2023-03-04T18:55:52+05:30,456,30.58,37.6,"1012.11

",
2023-03-04T18:56:08+05:30,457,30.58,37.59,"1012.11

",
2023-03-04T18:56:25+05:30,458,30.58,37.64,"1012.11

",
2023-03-04T18:56:40+05:30,459,30.58,37.69,"1012.14

",
2023-03-04T18:56:56+05:30,460,30.58,37.85,"1012.16

",
2023-03-04T18:57:12+05:30,461,30.58,37.91,"1012.14

",
2023-03-04T18:57:28+05:30,462,30.58,37.9,"1012.16

",
2023-03-04T18:57:44+05:30,463,30.58,37.99,"1012.15

",
2023-03-04T18:57:59+05:30,464,30.58,37.99,"1012.15

",
2023-03-04T18:58:15+05:30,465,30.58,38.06,"1012.15

",
2023-03-04T18:58:31+05:30,466,30.57,38.06,"1012.13

",
2023-03-04T18:58:47+05:30,467,30.58,37.99,"1012.17

",
2023-03-04T18:59:03+05:30,468,30.58,38.01,"1012.16

",
2023-03-04T18:59:18+05:30,469,30.58,38.07,"1012.17

",
2023-03-04T18:59:35+05:30,470,30.58,38.11,"1012.20

",
2023-03-04T18:59:50+05:30,471,30.58,38.23,"1012.18

",
2023-03-04T19:00:06+05:30,472,30.58,38.27,"1012.21

",
2023-03-04T19:00:22+05:30,473,30.58,38.34,"1012.18

",
2023-03-04T19:00:38+05:30,474,30.58,38.47,"1012.18

",
2023-03-04T19:00:54+05:30,475,30.58,38.47,"1012.19

",
2023-03-04T19:01:10+05:30,476,30.58,38.54,"1012.17

",
2023-03-04T19:01:26+05:30,477,30.59,38.54,"1012.22

",
2023-03-04T19:01:41+05:30,478,30.59,38.75,"1012.17

",
2023-03-04T19:01:57+05:30,479,30.59,38.66,"1012.21

",
2023-03-04T19:02:13+05:30,480,30.59,38.6,"1012.23

",
2023-03-04T19:02:29+05:30,481,30.59,38.52,"1012.24

",
2023-03-04T19:02:45+05:30,482,30.58,38.67,"1012.23

",
2023-03-04T19:03:00+05:30,483,30.59,38.51,"1012.22

",
2023-03-04T19:03:16+05:30,484,30.59,38.99,"1012.20

",
2023-03-04T19:03:32+05:30,485,30.6,38.89,"1012.26

",
2023-03-04T19:03:48+05:30,486,30.59,38.67,"1012.24

",
2023-03-04T19:04:04+05:30,487,30.59,38.66,"1012.22

",
2023-03-04T19:04:19+05:30,488,30.59,38.94,"1012.25

",
2023-03-04T19:04:35+05:30,489,30.6,39.27,"1012.25

",
2023-03-04T19:04:51+05:30,490,30.6,39.29,"1012.27

",
2023-03-04T19:05:07+05:30,491,30.59,39.43,"1012.25

",
2023-03-04T19:05:22+05:30,492,30.6,39.66,"1012.25

",
2023-03-04T19:05:38+05:30,493,30.6,39.62,"1012.26

",
2023-03-04T19:05:54+05:30,494,30.6,39.91,"1012.27

",
2023-03-04T19:06:10+05:30,495,30.61,39.88,"1012.26

",
2023-03-04T19:06:26+05:30,496,30.6,40.04,"1012.25

",
2023-03-04T19:06:41+05:30,497,30.6,40.2,"1012.26

",
2023-03-04T19:06:57+05:30,498,30.6,40.27,"1012.29

",
2023-03-04T19:07:13+05:30,499,30.61,40.33,"1012.28

",
2023-03-04T19:07:29+05:30,500,30.61,40.62,"1012.28

",
2023-03-04T19:07:45+05:30,501,30.61,40.69,"1012.28

",
2023-03-04T19:08:00+05:30,502,30.62,40.74,"1012.30

",
2023-03-04T19:08:16+05:30,503,30.61,40.76,"1012.28

",
2023-03-04T19:08:32+05:30,504,30.62,40.77,"1012.28

",
2023-03-04T19:08:48+05:30,505,30.61,40.72,"1012.31

",
2023-03-04T19:09:04+05:30,506,30.62,40.93,"1012.30

",
2023-03-04T19:09:19+05:30,507,30.61,41.03,"1012.29

",
2023-03-04T19:09:35+05:30,508,30.6,41.05,"1012.27

",
2023-03-04T19:09:51+05:30,509,30.6,41.1,"1012.31

",
2023-03-04T19:10:07+05:30,510,30.61,41.14,"1012.32

",
2023-03-04T19:10:23+05:30,511,30.6,41.04,"1012.34

",
2023-03-04T19:10:39+05:30,512,30.61,41.13,"1012.33

",
2023-03-04T19:10:55+05:30,513,30.61,41.33,"1012.31

",
2023-03-04T19:11:11+05:30,514,30.61,41.31,"1012.35

",
2023-03-04T19:11:26+05:30,515,30.61,41.2,"1012.36

",
2023-03-04T19:11:42+05:30,516,30.61,41.62,"1012.34

",
2023-03-04T19:11:58+05:30,517,30.61,41.83,"1012.34

",
2023-03-04T19:12:14+05:30,518,30.61,41.82,"1012.36

",
2023-03-04T19:12:30+05:30,519,30.61,41.87,"1012.36

",
2023-03-04T19:12:46+05:30,520,30.61,41.85,"1012.37

",
2023-03-04T19:13:01+05:30,521,30.61,41.77,"1012.38

",
2023-03-04T19:13:17+05:30,522,30.61,41.82,"1012.36

",
2023-03-04T19:13:33+05:30,523,30.61,41.91,"1012.37

",
2023-03-04T19:13:49+05:30,524,30.61,41.93,"1012.37

",
2023-03-04T19:14:04+05:30,525,30.61,41.86,"1012.39

",
2023-03-04T19:14:20+05:30,526,30.61,42.05,"1012.37

",
2023-03-04T19:14:36+05:30,527,30.61,42.01,"1012.40

",
2023-03-04T19:14:52+05:30,528,30.61,42.05,"1012.42

",
2023-03-04T19:15:08+05:30,529,30.61,42.08,"1012.43

",
2023-03-04T19:15:23+05:30,530,30.61,42.06,"1012.43

",
2023-03-04T19:15:39+05:30,531,30.61,42,"1012.42

",
2023-03-04T19:15:55+05:30,532,30.61,42.02,"1012.41

",
2023-03-04T19:16:11+05:30,533,30.61,42.05,"1012.43

",
2023-03-04T19:16:27+05:30,534,30.61,41.98,"1012.42

",
2023-03-04T19:16:42+05:30,535,30.61,41.84,"1012.41

",
2023-03-04T19:16:58+05:30,536,30.61,41.99,"1012.45

",
2023-03-04T19:17:14+05:30,537,30.61,41.96,"1012.45

",
2023-03-04T19:17:30+05:30,538,30.61,41.85,"1012.46

",
2023-03-04T19:17:46+05:30,539,30.61,41.65,"1012.45

",
2023-03-04T19:18:02+05:30,540,30.61,41.95,"1012.46

",
2023-03-04T19:18:17+05:30,541,30.61,41.98,"1012.44

",
2023-03-04T19:18:33+05:30,542,30.62,41.9,"1012.47

",
2023-03-04T19:18:49+05:30,543,30.62,41.85,"1012.49

",
2023-03-04T19:19:05+05:30,544,30.62,41.81,"1012.45

",
2023-03-04T19:19:21+05:30,545,30.61,41.86,"1012.48

",
2023-03-04T19:19:37+05:30,546,30.62,41.88,"1012.48

",
2023-03-04T19:19:52+05:30,547,30.62,41.87,"1012.51

",
2023-03-04T19:20:08+05:30,548,30.62,41.94,"1012.49

",
2023-03-04T19:20:24+05:30,549,30.62,41.91,"1012.51

",
2023-03-04T19:20:40+05:30,550,30.62,41.77,"1012.49

",
2023-03-04T19:20:56+05:30,551,30.62,41.5,"1012.49

",
2023-03-04T19:21:11+05:30,552,30.62,41.59,"1012.49

",
2023-03-04T19:21:27+05:30,553,30.62,41.86,"1012.50

",
2023-03-04T19:21:43+05:30,554,30.61,40.88,"1012.51

",
2023-03-04T19:21:59+05:30,555,30.6,40.55,"1012.53

",
2023-03-04T19:22:15+05:30,556,30.62,41.39,"1012.55

",
2023-03-04T19:22:30+05:30,557,30.61,41.47,"1012.59

",
2023-03-04T19:22:46+05:30,558,30.62,41.68,"1012.56

",
2023-03-04T19:23:02+05:30,559,30.63,41.86,"1012.57

",
2023-03-04T19:23:18+05:30,560,30.62,41.88,"1012.57

",
2023-03-04T19:23:34+05:30,561,30.62,41.79,"1012.56

",
2023-03-04T19:23:50+05:30,562,30.62,41.73,"1012.58

",
2023-03-04T19:24:05+05:30,563,30.62,41.8,"1012.58

",
2023-03-04T19:24:21+05:30,564,30.63,41.97,"1012.59

",
2023-03-04T19:24:37+05:30,565,30.62,41.94,"1012.57

",
2023-03-04T19:24:53+05:30,566,30.61,41.95,"1012.60

",
2023-03-04T19:25:09+05:30,567,30.62,41.88,"1012.59

",
2023-03-04T19:25:24+05:30,568,30.62,41.87,"1012.58

",
2023-03-04T19:25:40+05:30,569,30.62,41.89,"1012.61

",
2023-03-04T19:25:56+05:30,570,30.61,41.89,"1012.62

",
2023-03-04T19:26:12+05:30,571,30.61,41.65,"1012.60

",
2023-03-04T19:26:28+05:30,572,30.62,41.83,"1012.62

",
2023-03-04T19:26:44+05:30,573,30.62,41.8,"1012.63

",
2023-03-04T19:27:00+05:30,574,30.62,41.84,"1012.63

",
2023-03-04T19:27:16+05:30,575,30.62,41.84,"1012.64

",
2023-03-04T19:27:32+05:30,576,30.62,41.72,"1012.62

",
2023-03-04T19:27:47+05:30,577,30.62,41.89,"1012.66

",
2023-03-04T19:28:03+05:30,578,30.62,41.88,"1012.66

",
2023-03-04T19:28:19+05:30,579,30.62,41.86,"1012.62

",
2023-03-04T19:28:35+05:30,580,30.63,41.71,"1012.66

",
2023-03-04T19:28:50+05:30,581,30.62,41.84,"1012.63

",
2023-03-04T19:29:06+05:30,582,30.63,41.93,"1012.66

",
2023-03-04T19:29:22+05:30,583,30.63,41.9,"1012.67

",
2023-03-04T19:29:38+05:30,584,30.63,41.81,"1012.66

",
2023-03-04T19:29:54+05:30,585,30.63,41.88,"1012.68

",
2023-03-04T19:30:10+05:30,586,30.63,42,"1012.67

",
2023-03-04T19:30:26+05:30,587,30.63,41.91,"1012.66

",
2023-03-04T19:30:42+05:30,588,30.63,41.96,"1012.68

",
2023-03-04T19:30:58+05:30,589,30.63,41.97,"1012.69

",
2023-03-04T19:31:14+05:30,590,30.63,41.94,"1012.68

",
2023-03-04T19:31:29+05:30,591,30.63,41.94,"1012.69

",
2023-03-04T19:31:45+05:30,592,30.63,41.97,"1012.67

",
2023-03-04T19:32:01+05:30,593,30.63,41.96,"1012.71

",
2023-03-04T19:32:17+05:30,594,30.61,42.16,"1012.69

",
2023-03-04T19:32:33+05:30,595,30.63,42.39,"1012.73

",
2023-03-04T19:32:49+05:30,596,30.64,42.45,"1012.71

",
2023-03-04T19:33:04+05:30,597,30.65,42.69,"1012.69

",
2023-03-04T19:33:20+05:30,598,30.66,42.53,"1012.71

",
2023-03-04T19:33:36+05:30,599,30.67,42.5,"1012.72

",
2023-03-04T19:33:52+05:30,600,30.67,42.46,"1012.71

",
2023-03-04T19:34:08+05:30,601,30.68,42.46,"1012.71

",
2023-03-04T19:34:23+05:30,602,30.69,42.49,"1012.72

",
2023-03-04T19:34:39+05:30,603,30.69,42.11,"1012.74

",
2023-03-04T19:34:55+05:30,604,30.68,41.98,"1012.69

",
2023-03-04T19:35:11+05:30,605,30.7,42.07,"1012.72

",
2023-03-04T19:35:27+05:30,606,30.7,42.16,"1012.74

",
2023-03-04T19:35:43+05:30,607,30.69,42.08,"1012.74

",
2023-03-04T19:35:58+05:30,608,30.7,42.25,"1012.75

",
2023-03-04T19:36:14+05:30,609,30.69,42.15,"1012.74

",
2023-03-04T19:36:30+05:30,610,30.7,42.11,"1012.76

",
2023-03-04T19:36:46+05:30,611,30.7,42.32,"1012.74

",
2023-03-04T19:37:02+05:30,612,30.7,42.46,"1012.80

",
2023-03-04T19:37:17+05:30,613,30.69,42.67,"1012.76

",
2023-03-04T19:37:33+05:30,614,30.69,42.81,"1012.77

",
2023-03-04T19:37:49+05:30,615,30.7,42.83,"1012.73

",
2023-03-04T19:38:05+05:30,616,30.7,42.8,"1012.79

",
2023-03-04T19:38:21+05:30,617,30.7,42.29,"1012.73

",
2023-03-04T19:38:37+05:30,618,30.7,41.32,"1012.76

",
2023-03-04T19:38:52+05:30,619,30.71,41.81,"1012.79

",
2023-03-04T19:39:08+05:30,620,30.7,41.82,"1012.76

",
2023-03-04T19:39:24+05:30,621,30.7,42.59,"1012.77

",
2023-03-04T19:39:40+05:30,622,30.7,42.42,"1012.80

",
2023-03-04T19:39:56+05:30,623,30.7,42.44,"1012.79

",
2023-03-04T19:40:12+05:30,624,30.7,42.44,"1012.80

",
2023-03-04T19:40:28+05:30,625,30.7,42.03,"1012.83

",
2023-03-04T19:40:44+05:30,626,30.69,42.28,"1012.80

",
2023-03-04T19:40:59+05:30,627,30.69,42.37,"1012.81

",
2023-03-04T19:41:15+05:30,628,30.69,42.45,"1012.81

",
2023-03-04T19:41:31+05:30,629,30.69,42.37,"1012.81

",
2023-03-04T19:41:47+05:30,630,30.69,42.28,"1012.83

",
2023-03-04T19:42:03+05:30,631,30.69,41.82,"1012.84

",
2023-03-04T19:42:19+05:30,632,30.68,41.51,"1012.81

",
2023-03-04T19:42:35+05:30,633,30.68,41.25,"1012.85

",
2023-03-04T19:42:51+05:30,634,30.68,40.44,"1012.81

",
2023-03-04T19:43:07+05:30,635,30.67,40.46,"1012.83

",
2023-03-04T19:43:23+05:30,636,30.67,40.68,"1012.85

",
2023-03-04T19:43:38+05:30,637,30.66,40.7,"1012.85

",
2023-03-04T19:43:54+05:30,638,30.67,40.85,"1012.88

",
2023-03-04T19:44:10+05:30,639,30.67,41.34,"1012.90

",
2023-03-04T19:44:26+05:30,640,30.67,41.57,"1012.86

",
2023-03-04T19:44:42+05:30,641,30.67,41.09,"1012.87

",
2023-03-04T19:44:58+05:30,642,30.66,40.28,"1012.90

",
2023-03-04T19:45:14+05:30,643,30.67,40.26,"1012.90

",
2023-03-04T19:45:30+05:30,644,30.67,40.07,"1012.90

",
2023-03-04T19:45:46+05:30,645,30.66,39.86,"1012.90

",
2023-03-04T19:46:01+05:30,646,30.66,39.86,"1012.93

",
2023-03-04T19:46:17+05:30,647,30.65,39.58,"1012.92

",
2023-03-04T19:46:33+05:30,648,30.65,40.19,"1012.93

",
2023-03-04T19:46:49+05:30,649,30.65,39.91,"1012.94

",
2023-03-04T19:47:05+05:30,650,30.65,40.81,"1012.95

",
2023-03-04T19:47:21+05:30,651,30.65,41.42,"1012.96

",
2023-03-04T19:47:37+05:30,652,30.66,41.42,"1012.96

",
2023-03-04T19:47:53+05:30,653,30.65,41.34,"1012.97

",
2023-03-04T19:48:09+05:30,654,30.65,41.29,"1012.96

",
2023-03-04T19:48:25+05:30,655,30.65,41.48,"1012.99

",
2023-03-04T19:48:40+05:30,656,30.64,41.7,"1012.99

",
2023-03-04T19:48:56+05:30,657,30.64,41.91,"1013.00

",
2023-03-04T19:49:12+05:30,658,30.64,42.03,"1013.01

",
2023-03-04T19:49:28+05:30,659,30.64,42.27,"1013.03

",
2023-03-04T19:49:44+05:30,660,30.64,42.33,"1013.03

",
2023-03-04T19:50:00+05:30,661,30.64,42.52,"1013.01

",
2023-03-04T19:50:15+05:30,662,30.65,42.55,"1013.04

",
2023-03-04T19:50:31+05:30,663,30.64,42.52,"1013.02

",
2023-03-04T19:50:47+05:30,664,30.63,42.55,"1013.02

",
2023-03-04T19:51:03+05:30,665,30.63,42.61,"1013.03

",
2023-03-04T19:51:19+05:30,666,30.63,42.6,"1013.01

",
2023-03-04T19:51:35+05:30,667,30.64,42.67,"1013.03

",
2023-03-04T19:51:51+05:30,668,30.63,42.68,"1013.04

",
2023-03-04T19:52:07+05:30,669,30.64,42.78,"1013.01

",
2023-03-04T19:52:22+05:30,670,30.65,42.79,"1013.04

",
2023-03-04T19:52:38+05:30,671,30.66,42.73,"1013.07

",
2023-03-04T19:52:54+05:30,672,30.65,42.72,"1013.05

",
2023-03-04T19:53:10+05:30,673,30.66,42.65,"1013.07

",
2023-03-04T19:53:26+05:30,674,30.66,42.6,"1013.04

",
2023-03-04T19:53:42+05:30,675,30.65,42.66,"1013.04

",
2023-03-04T19:53:58+05:30,676,30.64,42.67,"1013.06

",
2023-03-04T19:54:14+05:30,677,30.64,42.68,"1013.08

",
2023-03-04T19:54:30+05:30,678,30.65,42.71,"1013.09

",
2023-03-04T19:54:46+05:30,679,30.65,42.69,"1013.04

",
2023-03-04T19:55:01+05:30,680,30.65,42.73,"1013.08

",
2023-03-04T19:55:17+05:30,681,30.65,42.72,"1013.09

",
2023-03-04T19:55:33+05:30,682,30.65,42.73,"1013.08

",
2023-03-04T19:55:49+05:30,683,30.65,42.74,"1013.08

",
2023-03-04T19:56:05+05:30,684,30.65,42.74,"1013.10

",
2023-03-04T19:56:21+05:30,685,30.65,42.69,"1013.10

",
2023-03-04T19:56:37+05:30,686,30.65,42.68,"1013.11

",
2023-03-04T19:56:53+05:30,687,30.65,42.68,"1013.11

",
2023-03-04T19:57:09+05:30,688,30.65,42.71,"1013.14

",
2023-03-04T19:57:25+05:30,689,30.65,42.68,"1013.11

",
2023-03-04T19:57:41+05:30,690,30.66,42.66,"1013.10

",
2023-03-04T19:57:57+05:30,691,30.66,42.63,"1013.12

",
2023-03-04T19:58:13+05:30,692,30.66,42.57,"1013.11

",
2023-03-04T19:58:29+05:30,693,30.66,42.58,"1013.13

",
2023-03-04T19:58:44+05:30,694,30.66,42.55,"1013.13

",
2023-03-04T19:59:00+05:30,695,30.66,42.54,"1013.14

",
2023-03-04T19:59:16+05:30,696,30.66,42.54,"1013.15

",
2023-03-04T19:59:32+05:30,697,30.65,42.53,"1013.14

",
2023-03-04T19:59:48+05:30,698,30.66,42.66,"1013.15

",
2023-03-04T20:00:04+05:30,699,30.67,42.85,"1013.14

",
2023-03-04T20:00:20+05:30,700,30.68,43.11,"1013.15

",
2023-03-04T20:00:36+05:30,701,30.68,42.78,"1013.17

",
2023-03-04T20:00:51+05:30,702,30.68,42.57,"1013.16

",
2023-03-04T20:01:07+05:30,703,30.68,42.52,"1013.16

",
2023-03-04T20:01:23+05:30,704,30.68,42.52,"1013.17

",
2023-03-04T20:01:39+05:30,705,30.67,42.33,"1013.16

",
2023-03-04T20:01:55+05:30,706,30.68,42.23,"1013.17

",
2023-03-04T20:02:10+05:30,707,30.68,42.21,"1013.18

",
2023-03-04T20:02:26+05:30,708,30.69,42.16,"1013.18

",
2023-03-04T20:02:42+05:30,709,30.68,42.09,"1013.23

",
2023-03-04T20:02:58+05:30,710,30.68,42.15,"1013.18

",
2023-03-04T20:03:14+05:30,711,30.67,42.15,"1013.22

",
2023-03-04T20:03:30+05:30,712,30.68,42.17,"1013.19

",
2023-03-04T20:03:45+05:30,713,30.68,42.16,"1013.23

",
2023-03-04T20:04:01+05:30,714,30.67,42.17,"1013.24

",
2023-03-04T20:04:17+05:30,715,30.69,42.31,"1013.23

",
2023-03-04T20:04:34+05:30,716,30.7,42.27,"1013.23

",
2023-03-04T20:04:49+05:30,717,30.69,42.27,"1013.22

",
2023-03-04T20:05:05+05:30,718,30.68,42.29,"1013.28

",
2023-03-04T20:05:21+05:30,719,30.68,42.29,"1013.26

",
2023-03-04T20:05:37+05:30,720,30.68,42.25,"1013.29

",
2023-03-04T20:05:53+05:30,721,30.69,42.24,"1013.25

",
2023-03-04T20:06:09+05:30,722,30.69,42.24,"1013.30

",
2023-03-04T20:06:25+05:30,723,30.7,42.22,"1013.29

",
2023-03-04T20:06:41+05:30,724,30.71,42.22,"1013.31

",
2023-03-04T20:06:57+05:30,725,30.7,42.23,"1013.32

",
2023-03-04T20:07:13+05:30,726,30.71,42.23,"1013.30

",
2023-03-04T20:07:29+05:30,727,30.71,42.24,"1013.30

",
2023-03-04T20:07:45+05:30,728,30.71,42.28,"1013.29

",
2023-03-04T20:08:01+05:30,729,30.71,42.31,"1013.33

",
2023-03-04T20:08:17+05:30,730,30.71,42.35,"1013.31

",
2023-03-04T20:08:32+05:30,731,30.7,42.39,"1013.32

",
2023-03-04T20:08:48+05:30,732,30.69,42.42,"1013.33

",
2023-03-04T20:09:04+05:30,733,30.7,42.48,"1013.32

",
2023-03-04T20:09:20+05:30,734,30.71,42.45,"1013.33

",
2023-03-04T20:09:36+05:30,735,30.71,42.41,"1013.31

",
2023-03-04T20:09:52+05:30,736,30.71,42.42,"1013.36

",
2023-03-04T20:10:08+05:30,737,30.71,42.42,"1013.35

",
2023-03-04T20:10:24+05:30,738,30.71,42.38,"1013.35

",
2023-03-04T20:10:40+05:30,739,30.7,42.32,"1013.34

",
2023-03-04T20:10:56+05:30,740,30.7,42.32,"1013.36

",
2023-03-04T20:11:12+05:30,741,30.7,42.24,"1013.35

",
2023-03-04T20:11:28+05:30,742,30.7,42.29,"1013.33

",
2023-03-04T20:11:44+05:30,743,30.7,42.25,"1013.36

",
2023-03-04T20:12:00+05:30,744,30.7,42.23,"1013.38

",
2023-03-04T20:12:15+05:30,745,30.7,42.24,"1013.35

",
2023-03-04T20:12:32+05:30,746,30.7,42.25,"1013.39

",
2023-03-04T20:12:47+05:30,747,30.71,42.25,"1013.41

",
2023-03-04T20:13:03+05:30,748,30.7,42.24,"1013.38

",
2023-03-04T20:13:20+05:30,749,30.71,42.18,"1013.38

",
2023-03-04T20:13:36+05:30,750,30.71,42.22,"1013.41

",
2023-03-04T20:13:57+05:30,751,30.71,42.3,"1013.40

",
2023-03-04T20:14:13+05:30,752,30.71,42.27,"1013.44

",
2023-03-04T20:14:28+05:30,753,30.71,42.21,"1013.42

",
2023-03-04T20:14:44+05:30,754,30.7,42.02,"1013.42

",
2023-03-04T20:15:00+05:30,755,30.7,41.92,"1013.41

",
2023-03-04T20:15:16+05:30,756,30.69,42.03,"1013.42

",
2023-03-04T20:15:32+05:30,757,30.69,42.18,"1013.43

",
2023-03-04T20:15:48+05:30,758,30.68,42.26,"1013.43

",
2023-03-04T20:16:04+05:30,759,30.68,42.3,"1013.45

",
2023-03-04T20:16:20+05:30,760,30.67,42.39,"1013.45

",
2023-03-04T20:16:36+05:30,761,30.66,42.41,"1013.42

",
2023-03-04T20:16:51+05:30,762,30.66,42.45,"1013.45

",
2023-03-04T20:17:07+05:30,763,30.66,42.46,"1013.45

",
2023-03-04T20:17:23+05:30,764,30.66,42.54,"1013.46

",
2023-03-04T20:17:39+05:30,765,30.65,42.65,"1013.48

",
2023-03-04T20:17:55+05:30,766,30.65,42.68,"1013.46

",
2023-03-04T20:18:11+05:30,767,30.65,42.69,"1013.47

",
2023-03-04T20:18:27+05:30,768,30.65,42.58,"1013.49

",
2023-03-04T20:18:43+05:30,769,30.65,42.55,"1013.47

",
2023-03-04T20:18:59+05:30,770,30.65,42.66,"1013.50

",
2023-03-04T20:19:15+05:30,771,30.64,42.78,"1013.50

",
2023-03-04T20:19:31+05:30,772,30.64,42.87,"1013.51

",
2023-03-04T20:19:47+05:30,773,30.63,42.93,"1013.52

",
2023-03-04T20:20:03+05:30,774,30.65,42.89,"1013.52

",
2023-03-04T20:20:19+05:30,775,30.64,42.62,"1013.53

",
2023-03-04T20:20:34+05:30,776,30.64,42.79,"1013.55

",
2023-03-04T20:20:50+05:30,777,30.64,42.99,"1013.55

",
2023-03-04T20:21:06+05:30,778,30.64,43.16,"1013.53

",
2023-03-04T20:21:22+05:30,779,30.65,43.15,"1013.55

",
2023-03-04T20:21:38+05:30,780,30.65,43.13,"1013.54

",
2023-03-04T20:21:54+05:30,781,30.65,43.1,"1013.58

",
2023-03-04T20:22:10+05:30,782,30.66,42.99,"1013.57

",
2023-03-04T20:22:26+05:30,783,30.65,43.06,"1013.57

",
2023-03-04T20:22:42+05:30,784,30.65,43.15,"1013.54

",
2023-03-04T20:22:57+05:30,785,30.64,43.28,"1013.57

",
2023-03-04T20:23:13+05:30,786,30.64,43.43,"1013.57

",
2023-03-04T20:23:29+05:30,787,30.64,43.38,"1013.58

",
2023-03-04T20:23:45+05:30,788,30.64,43.35,"1013.60

",
2023-03-04T20:24:01+05:30,789,30.64,43.31,"1013.59

",
2023-03-04T20:24:17+05:30,790,30.64,43.25,"1013.59

",
2023-03-04T20:24:33+05:30,791,30.64,42.88,"1013.64

",
2023-03-04T20:24:49+05:30,792,30.64,41.92,"1013.62

",
2023-03-04T20:25:05+05:30,793,30.64,40.75,"1013.61

",
2023-03-04T20:25:22+05:30,794,30.64,39.75,"1013.61

",
2023-03-04T20:25:38+05:30,795,30.65,39.55,"1013.59

",
2023-03-04T20:25:54+05:30,796,30.65,40.83,"1013.61

",
2023-03-04T20:26:10+05:30,797,30.66,41.68,"1013.62

",
2023-03-04T20:26:26+05:30,798,30.66,42.79,"1013.62

",
2023-03-04T20:26:42+05:30,799,30.65,40.97,"1013.62

",
2023-03-04T20:26:58+05:30,800,30.65,41.58,"1013.64

",
2023-03-04T20:27:13+05:30,801,30.65,42.03,"1013.65

",
2023-03-04T20:27:29+05:30,802,30.65,42.39,"1013.66

",
2023-03-04T20:27:45+05:30,803,30.65,41.86,"1013.66

",
2023-03-04T20:28:01+05:30,804,30.65,41.75,"1013.67

",
2023-03-04T20:28:17+05:30,805,30.65,42.31,"1013.67

",
2023-03-04T20:28:33+05:30,806,30.65,42.78,"1013.67

",
2023-03-04T20:28:49+05:30,807,30.65,42.99,"1013.67

",
2023-03-04T20:29:05+05:30,808,30.65,42.83,"1013.67

",
2023-03-04T20:29:21+05:30,809,30.66,42.99,"1013.71

",
2023-03-04T20:29:37+05:30,810,30.66,43.3,"1013.70

",
2023-03-04T20:29:53+05:30,811,30.66,43.29,"1013.67

",
2023-03-04T20:30:08+05:30,812,30.66,43.17,"1013.71

",
2023-03-04T20:30:24+05:30,813,30.66,42.94,"1013.70

",
2023-03-04T20:30:40+05:30,814,30.66,41.73,"1013.69

",
2023-03-04T20:30:56+05:30,815,30.66,41.91,"1013.71

",
2023-03-04T20:31:13+05:30,816,30.67,41.82,"1013.73

",
2023-03-04T20:31:29+05:30,817,30.66,41.58,"1013.73

",
2023-03-04T20:31:44+05:30,818,30.66,41.79,"1013.72

",
2023-03-04T20:32:00+05:30,819,30.66,41.93,"1013.73

",
2023-03-04T20:32:16+05:30,820,30.67,42.02,"1013.73

",
2023-03-04T20:32:32+05:30,821,30.66,41.75,"1013.73

",
2023-03-04T20:32:48+05:30,822,30.66,42.19,"1013.74

",
2023-03-04T20:33:04+05:30,823,30.66,42.4,"1013.75

",
2023-03-04T20:33:20+05:30,824,30.66,42.92,"1013.74

",
2023-03-04T20:33:36+05:30,825,30.65,43,"1013.78

",
2023-03-04T20:33:52+05:30,826,30.65,43.06,"1013.76

",
2023-03-04T20:34:08+05:30,827,30.65,43.01,"1013.77

",
2023-03-04T20:34:24+05:30,828,30.65,42.79,"1013.79

",
2023-03-04T20:34:40+05:30,829,30.65,41.94,"1013.77

",
2023-03-04T20:34:56+05:30,830,30.65,41.73,"1013.74

",
2023-03-04T20:35:12+05:30,831,30.66,42.43,"1013.78

",
2023-03-04T20:35:27+05:30,832,30.66,43,"1013.81

",
2023-03-04T20:35:43+05:30,833,30.66,43.01,"1013.80

",
2023-03-04T20:35:59+05:30,834,30.67,42.64,"1013.80

",
2023-03-04T20:36:15+05:30,835,30.66,41.41,"1013.81

",
2023-03-04T20:36:31+05:30,836,30.67,41.48,"1013.80

",
2023-03-04T20:36:47+05:30,837,30.66,40.2,"1013.78

",
2023-03-04T20:37:03+05:30,838,30.65,40.11,"1013.82

",
2023-03-04T20:37:19+05:30,839,30.65,41.34,"1013.79

",
2023-03-04T20:37:35+05:30,840,30.66,41.42,"1013.80

",
2023-03-04T20:37:51+05:30,841,30.66,41.72,"1013.82

",
2023-03-04T20:38:07+05:30,842,30.66,41.41,"1013.78

",
2023-03-04T20:38:23+05:30,843,30.65,40.2,"1013.81

",
2023-03-04T20:38:39+05:30,844,30.65,41.02,"1013.82

",
2023-03-04T20:38:55+05:30,845,30.65,41.48,"1013.82

",
2023-03-04T20:39:10+05:30,846,30.66,41.56,"1013.82

",
2023-03-04T20:39:26+05:30,847,30.66,41.73,"1013.82

",
2023-03-04T20:39:42+05:30,848,30.66,41.13,"1013.84

",
2023-03-04T20:39:58+05:30,849,30.65,41.42,"1013.80

",
2023-03-04T20:40:14+05:30,850,30.65,41.69,"1013.81

",
2023-03-04T20:40:30+05:30,851,30.66,42.23,"1013.82

",
2023-03-04T20:40:45+05:30,852,30.65,42.61,"1013.83

",
2023-03-04T20:41:01+05:30,853,30.66,42.48,"1013.80

",
2023-03-04T20:41:17+05:30,854,30.66,41.89,"1013.84

",
2023-03-04T20:41:33+05:30,855,30.65,40.28,"1013.85

",
2023-03-04T20:41:49+05:30,856,30.64,41.05,"1013.81

",
2023-03-04T20:42:05+05:30,857,30.64,41.55,"1013.83

",
2023-03-04T20:42:21+05:30,858,30.63,40.71,"1013.85

",
2023-03-04T20:42:37+05:30,859,30.64,40.68,"1013.86

",
2023-03-04T20:42:53+05:30,860,30.64,41.82,"1013.82

",
2023-03-04T20:43:09+05:30,861,30.63,42.37,"1013.87

",
2023-03-04T20:43:25+05:30,862,30.64,42.59,"1013.86

",
2023-03-04T20:43:40+05:30,863,30.64,42.56,"1013.87

",
2023-03-04T20:43:56+05:30,864,30.64,42.6,"1013.86

",
2023-03-04T20:44:12+05:30,865,30.64,42.61,"1013.86

",
2023-03-04T20:44:28+05:30,866,30.65,42.73,"1013.87

",
2023-03-04T20:44:44+05:30,867,30.65,42.8,"1013.87

",
2023-03-04T20:45:00+05:30,868,30.65,42.83,"1013.88

",
2023-03-04T20:45:16+05:30,869,30.65,42.88,"1013.85

",
2023-03-04T20:45:32+05:30,870,30.65,42.88,"1013.88

",
2023-03-04T20:45:48+05:30,871,30.65,41.82,"1013.89

",
2023-03-04T20:46:04+05:30,872,30.65,40.71,"1013.90

",
2023-03-04T20:46:20+05:30,873,30.65,41.31,"1013.90

",
2023-03-04T20:46:36+05:30,874,30.65,41.75,"1013.89

",
2023-03-04T20:46:51+05:30,875,30.65,41.16,"1013.94

",
2023-03-04T20:47:07+05:30,876,30.65,39.75,"1013.89

",
2023-03-04T20:47:23+05:30,877,30.65,40.36,"1013.92

",
2023-03-04T20:47:39+05:30,878,30.65,41.3,"1013.93

",
2023-03-04T20:47:55+05:30,879,30.65,41.49,"1013.91

",
2023-03-04T20:48:11+05:30,880,30.66,40.68,"1013.91

",
2023-03-04T20:48:27+05:30,881,30.66,40.59,"1013.89

",
2023-03-04T20:48:43+05:30,882,30.65,40.66,"1013.89

",
2023-03-04T20:48:59+05:30,883,30.66,41.59,"1013.92

",
2023-03-04T20:49:15+05:30,884,30.65,42.26,"1013.91

",
2023-03-04T20:49:30+05:30,885,30.65,42.14,"1013.91

",
2023-03-04T20:49:46+05:30,886,30.65,42.26,"1013.92

",
2023-03-04T20:50:02+05:30,887,30.65,42.26,"1013.90

",
2023-03-04T20:50:18+05:30,888,30.63,41.5,"1013.92

",
2023-03-04T20:50:34+05:30,889,30.63,38.89,"1013.93

",
2023-03-04T20:50:50+05:30,890,30.63,38.58,"1013.92

",
2023-03-04T20:51:06+05:30,891,30.63,39.82,"1013.90

",
2023-03-04T20:51:22+05:30,892,30.63,39.18,"1013.92

",
2023-03-04T20:51:38+05:30,893,30.63,40,"1013.91

",
2023-03-04T20:51:54+05:30,894,30.64,41.18,"1013.89

",
2023-03-04T20:52:10+05:30,895,30.63,41.69,"1013.90

",
2023-03-04T20:52:26+05:30,896,30.63,41.99,"1013.91

",
2023-03-04T20:52:42+05:30,897,30.64,42.2,"1013.94

",
2023-03-04T20:52:57+05:30,898,30.64,41.79,"1013.91

",
2023-03-04T20:53:13+05:30,899,30.64,41.67,"1013.94

",
2023-03-04T20:53:29+05:30,900,30.64,42.35,"1013.92

",
2023-03-04T20:53:45+05:30,901,30.64,42.33,"1013.94

",
2023-03-04T20:54:01+05:30,902,30.65,42.4,"1013.93

",
2023-03-04T20:54:17+05:30,903,30.65,42.46,"1013.94

",
2023-03-04T20:54:33+05:30,904,30.65,42.18,"1013.94

",
2023-03-04T20:54:49+05:30,905,30.65,41.94,"1013.97

",
2023-03-04T20:55:05+05:30,906,30.65,41.64,"1013.95

",
2023-03-04T20:55:20+05:30,907,30.65,41.94,"1013.95

",
2023-03-04T20:55:36+05:30,908,30.66,42.02,"1013.95

",
2023-03-04T20:55:52+05:30,909,30.66,42.11,"1013.93

",
2023-03-04T20:56:08+05:30,910,30.66,42.53,"1013.98

",
2023-03-04T20:56:24+05:30,911,30.65,42.91,"1013.99

",
2023-03-04T20:56:40+05:30,912,30.66,42.99,"1013.98

",
2023-03-04T20:56:56+05:30,913,30.66,42.96,"1013.99

",
2023-03-04T20:57:12+05:30,914,30.66,42.27,"1014.00

",
2023-03-04T20:57:28+05:30,915,30.65,42.31,"1013.95

",
2023-03-04T20:57:44+05:30,916,30.66,40.97,"1013.98

",
2023-03-04T20:58:00+05:30,917,30.65,40.05,"1013.99

",
2023-03-04T20:58:15+05:30,918,30.64,39.53,"1013.98

",
2023-03-04T20:58:31+05:30,919,30.65,41.56,"1014.00

",
2023-03-04T20:58:47+05:30,920,30.65,41.93,"1014.00

",
2023-03-04T20:59:03+05:30,921,30.65,42.11,"1013.99

",
2023-03-04T20:59:19+05:30,922,30.65,39.64,"1014.00

",
2023-03-04T20:59:35+05:30,923,30.65,39.5,"1014.00

",
2023-03-04T20:59:51+05:30,924,30.65,39.91,"1014.04

",
2023-03-04T21:00:07+05:30,925,30.65,39.91,"1014.01

",
2023-03-04T21:00:23+05:30,926,30.64,39.44,"1013.98

",
2023-03-04T21:00:38+05:30,927,30.65,41,"1014.04

",
2023-03-04T21:00:54+05:30,928,30.64,39.73,"1014.05

",
2023-03-04T21:01:10+05:30,929,30.65,40.08,"1014.04

",
2023-03-04T21:01:26+05:30,930,30.65,40.64,"1014.02

",
2023-03-04T21:01:42+05:30,931,30.65,39.89,"1014.02

",
2023-03-04T21:01:58+05:30,932,30.64,38.49,"1014.02

",
2023-03-04T21:02:14+05:30,933,30.64,38.49,"1014.03

",
2023-03-04T21:02:30+05:30,934,30.64,40.01,"1014.02

",
2023-03-04T21:02:46+05:30,935,30.63,38.28,"1014.03

",
2023-03-04T21:03:02+05:30,936,30.63,39.14,"1014.02

",
2023-03-04T21:03:18+05:30,937,30.63,39.54,"1014.03

",
2023-03-04T21:03:34+05:30,938,30.63,40.12,"1014.07

",
2023-03-04T21:03:50+05:30,939,30.63,38.51,"1014.05

",
2023-03-04T21:04:06+05:30,940,30.63,38.03,"1014.03

",
2023-03-04T21:04:22+05:30,941,30.62,37.04,"1014.07

",
2023-03-04T21:04:37+05:30,942,30.63,39.24,"1014.08

",
2023-03-04T21:04:53+05:30,943,30.63,39.79,"1014.06

",
2023-03-04T21:05:09+05:30,944,30.63,38.04,"1014.06

",
2023-03-04T21:05:25+05:30,945,30.62,37.14,"1014.08

",
2023-03-04T21:05:41+05:30,946,30.62,37.72,"1014.09

",
2023-03-04T21:05:57+05:30,947,30.62,38.77,"1014.07

",
2023-03-04T21:06:13+05:30,948,30.62,38.5,"1014.11

",
2023-03-04T21:06:29+05:30,949,30.62,36.97,"1014.08

",
2023-03-04T21:06:45+05:30,950,30.62,37.78,"1014.10

",
2023-03-04T21:07:01+05:30,951,30.62,38.77,"1014.07

",
2023-03-04T21:07:17+05:30,952,30.63,38.79,"1014.10

",
2023-03-04T21:07:33+05:30,953,30.63,38.96,"1014.10

",
2023-03-04T21:07:49+05:30,954,30.63,39.12,"1014.12

",
2023-03-04T21:08:05+05:30,955,30.64,39.26,"1014.10

",
2023-03-04T21:08:20+05:30,956,30.63,38.01,"1014.12

",
2023-03-04T21:08:36+05:30,957,30.63,37.29,"1014.14

",
2023-03-04T21:08:52+05:30,958,30.63,37.09,"1014.12

",
2023-03-04T21:09:08+05:30,959,30.63,37.29,"1014.12

",
2023-03-04T21:09:24+05:30,960,30.62,36.98,"1014.15

",
2023-03-04T21:09:40+05:30,961,30.62,37.35,"1014.12

",
2023-03-04T21:09:56+05:30,962,30.63,37.57,"1014.14

",
2023-03-04T21:10:12+05:30,963,30.63,38.62,"1014.17

",
2023-03-04T21:10:27+05:30,964,30.63,38.84,"1014.13

",
2023-03-04T21:11:05+05:30,965,30.61,37.97,"1014.15

",
2023-03-04T21:11:21+05:30,966,30.63,38.77,"1014.17

",
2023-03-04T21:11:36+05:30,967,30.63,39.53,"1014.18

",
2023-03-04T21:11:52+05:30,968,30.63,39.83,"1014.17

",
2023-03-04T21:12:08+05:30,969,30.63,40.01,"1014.20

",
2023-03-04T21:12:24+05:30,970,30.63,40.5,"1014.18

",
2023-03-04T21:12:40+05:30,971,30.63,40.57,"1014.18

",
2023-03-04T21:12:56+05:30,972,30.64,40.91,"1014.19

",
2023-03-04T21:13:12+05:30,973,30.65,41.25,"1014.20

",
2023-03-04T21:13:28+05:30,974,30.66,41.37,"1014.19

",
2023-03-04T21:13:44+05:30,975,30.66,41.42,"1014.22

",
2023-03-04T21:14:00+05:30,976,30.67,41.49,"1014.19

",
2023-03-04T21:14:17+05:30,977,30.67,41.5,"1014.23

",
2023-03-04T21:14:33+05:30,978,30.68,41.43,"1014.22

",
2023-03-04T21:14:49+05:30,979,30.67,41.41,"1014.21

",
2023-03-04T21:15:05+05:30,980,30.68,41.41,"1014.23

",
2023-03-04T21:15:21+05:30,981,30.68,41.5,"1014.21

",
2023-03-04T21:15:37+05:30,982,30.68,41.64,"1014.24

",
2023-03-04T21:15:53+05:30,983,30.68,41.64,"1014.23

",
2023-03-04T21:16:09+05:30,984,30.69,41.68,"1014.24

",
2023-03-04T21:16:25+05:30,985,30.69,41.7,"1014.24

",
2023-03-04T21:16:40+05:30,986,30.69,41.7,"1014.25

",
2023-03-04T21:16:56+05:30,987,30.68,41.74,"1014.23

",
2023-03-04T21:17:12+05:30,988,30.69,41.78,"1014.27

",
2023-03-04T21:17:28+05:30,989,30.69,41.75,"1014.26

",
2023-03-04T21:17:44+05:30,990,30.68,41.77,"1014.26

",
2023-03-04T21:18:00+05:30,991,30.69,41.89,"1014.27

",
2023-03-04T21:18:16+05:30,992,30.7,41.89,"1014.25

",
2023-03-04T21:18:32+05:30,993,30.71,42.68,"1014.23

",
2023-03-04T21:18:48+05:30,994,30.73,42.68,"1014.24

",
2023-03-04T21:19:03+05:30,995,30.72,42.23,"1014.27

",
2023-03-04T21:19:19+05:30,996,30.73,42.15,"1014.28

",
2023-03-04T21:19:35+05:30,997,30.73,42.1,"1014.27

",
2023-03-04T21:19:51+05:30,998,30.72,41.96,"1014.26

",
2023-03-04T21:20:07+05:30,999,30.73,42.25,"1014.27

",
2023-03-04T21:20:23+05:30,1000,30.72,42.27,"1014.26

",
2023-03-04T21:20:39+05:30,1001,30.72,42.29,"1014.28

",
2023-03-04T21:20:55+05:30,1002,30.72,42.2,"1014.29

",
2023-03-04T21:21:11+05:30,1003,30.72,42.28,"1014.31

",
2023-03-04T21:21:27+05:30,1004,30.71,42.34,"1014.31

",
2023-03-04T21:21:43+05:30,1005,30.71,42.44,"1014.28

",
2023-03-04T21:21:59+05:30,1006,30.72,42.48,"1014.26

",
2023-03-04T21:22:14+05:30,1007,30.71,42.54,"1014.29

",
2023-03-04T21:22:30+05:30,1008,30.71,42.5,"1014.32

",
2023-03-04T21:22:46+05:30,1009,30.71,42.54,"1014.34

",
2023-03-04T21:23:02+05:30,1010,30.71,42.36,"1014.34

",
2023-03-04T21:23:18+05:30,1011,30.71,42.35,"1014.35

",
2023-03-04T21:23:34+05:30,1012,30.72,42.44,"1014.35

",
2023-03-04T21:23:50+05:30,1013,30.71,42.54,"1014.33

",
2023-03-04T21:24:06+05:30,1014,30.72,42.62,"1014.35

",
2023-03-04T21:24:22+05:30,1015,30.72,42.67,"1014.34

",
2023-03-04T21:24:38+05:30,1016,30.71,42.88,"1014.35

",
2023-03-04T21:24:54+05:30,1017,30.71,42.78,"1014.39

",
2023-03-04T21:25:10+05:30,1018,30.71,42.68,"1014.36

",
2023-03-04T21:25:25+05:30,1019,30.7,42.65,"1014.35

",
2023-03-04T21:25:41+05:30,1020,30.71,42.8,"1014.37

",
2023-03-04T21:25:57+05:30,1021,30.7,42.95,"1014.38

",
2023-03-04T21:26:12+05:30,1022,30.71,42.88,"1014.35

",
2023-03-04T21:26:28+05:30,1023,30.71,42.86,"1014.38

",
2023-03-04T21:26:44+05:30,1024,30.71,43.06,"1014.38

",
2023-03-04T21:27:01+05:30,1025,30.72,43.37,"1014.41

",
2023-03-04T21:27:16+05:30,1026,30.72,43.7,"1014.41

",
2023-03-04T21:27:32+05:30,1027,30.72,43.67,"1014.41

",
2023-03-04T21:27:48+05:30,1028,30.71,43.51,"1014.42

",
2023-03-04T21:28:04+05:30,1029,30.72,43.6,"1014.42

",
2023-03-04T21:28:20+05:30,1030,30.72,43.68,"1014.42

",
2023-03-04T21:28:36+05:30,1031,30.73,43.91,"1014.41

",
2023-03-04T21:28:52+05:30,1032,30.73,43.75,"1014.44

",
2023-03-04T21:29:08+05:30,1033,30.73,43.76,"1014.44

",
2023-03-04T21:29:24+05:30,1034,30.72,44,"1014.43

",
2023-03-04T21:29:40+05:30,1035,30.72,44.05,"1014.46

",
2023-03-04T21:29:56+05:30,1036,30.73,44.14,"1014.45

",
2023-03-04T21:30:12+05:30,1037,30.72,44.07,"1014.46

",
2023-03-04T21:30:28+05:30,1038,30.72,44.06,"1014.47

",
2023-03-04T21:30:44+05:30,1039,30.71,44.08,"1014.47

",
2023-03-04T21:31:00+05:30,1040,30.72,44.05,"1014.45

",
2023-03-04T21:31:16+05:30,1041,30.72,44.13,"1014.46

",
2023-03-04T21:31:32+05:30,1042,30.72,44.08,"1014.47

",
2023-03-04T21:31:48+05:30,1043,30.71,44.11,"1014.46

",
2023-03-04T21:32:03+05:30,1044,30.72,44.02,"1014.46

",
2023-03-04T21:32:19+05:30,1045,30.71,44.02,"1014.46

",
2023-03-04T21:32:35+05:30,1046,30.71,43.89,"1014.48

",
2023-03-04T21:32:51+05:30,1047,30.71,43.68,"1014.47

",
2023-03-04T21:33:07+05:30,1048,30.7,43.79,"1014.45

",
2023-03-04T21:33:23+05:30,1049,30.7,43.68,"1014.46

",
2023-03-04T21:33:39+05:30,1050,30.7,43.79,"1014.47

",
2023-03-04T21:33:55+05:30,1051,30.69,43.69,"1014.46

",
2023-03-04T21:34:11+05:30,1052,30.7,43.74,"1014.47

",
2023-03-04T21:34:27+05:30,1053,30.69,43.55,"1014.48

",
2023-03-04T21:34:42+05:30,1054,30.7,43.5,"1014.48

",
2023-03-04T21:35:01+05:30,1055,30.69,43.62,"1014.49

",
2023-03-04T21:35:17+05:30,1056,30.68,43.54,"1014.46

",
2023-03-04T21:35:33+05:30,1057,30.69,43.54,"1014.47

",
2023-03-04T21:35:49+05:30,1058,30.68,43.83,"1014.47

",
2023-03-04T21:36:05+05:30,1059,30.69,44.08,"1014.49

",
2023-03-04T21:36:21+05:30,1060,30.68,44.18,"1014.54

",
2023-03-04T21:36:37+05:30,1061,30.69,44.2,"1014.50

",
2023-03-04T21:36:53+05:30,1062,30.69,44.28,"1014.52

",
2023-03-04T21:37:09+05:30,1063,30.69,44.27,"1014.52

",
2023-03-04T21:37:25+05:30,1064,30.7,44.24,"1014.52

",
2023-03-04T21:37:41+05:30,1065,30.68,44.24,"1014.49

",
2023-03-04T21:37:57+05:30,1066,30.69,44.24,"1014.50

",
2023-03-04T21:38:13+05:30,1067,30.69,44.2,"1014.49

",
2023-03-04T21:38:29+05:30,1068,30.7,44.21,"1014.50

",
2023-03-04T21:38:44+05:30,1069,30.7,44.2,"1014.51

",
2023-03-04T21:39:00+05:30,1070,30.7,44.13,"1014.53

",
2023-03-04T21:39:16+05:30,1071,30.7,44.15,"1014.54

",
2023-03-04T21:39:33+05:30,1072,30.7,44.1,"1014.53

",
2023-03-04T21:39:49+05:30,1073,30.7,44.1,"1014.57

",
2023-03-04T21:40:04+05:30,1074,30.7,44.04,"1014.56

",
2023-03-04T21:40:20+05:30,1075,30.7,44.01,"1014.54

",
2023-03-04T21:40:36+05:30,1076,30.7,44.03,"1014.56

",
2023-03-04T21:40:52+05:30,1077,30.69,43.96,"1014.53

",
2023-03-04T21:41:08+05:30,1078,30.68,43.96,"1014.60

",
2023-03-04T21:41:24+05:30,1079,30.69,43.9,"1014.55

",
2023-03-04T21:41:40+05:30,1080,30.69,43.96,"1014.57

",
2023-03-04T21:41:56+05:30,1081,30.69,43.93,"1014.55

",
2023-03-04T21:42:14+05:30,1082,30.68,43.76,"1014.57

",
2023-03-04T21:42:31+05:30,1083,30.69,43.79,"1014.58

",
2023-03-04T21:42:47+05:30,1084,30.69,43.69,"1014.59

",
2023-03-04T21:43:03+05:30,1085,30.69,43.66,"1014.60

",
2023-03-04T21:43:19+05:30,1086,30.69,43.61,"1014.58

",
2023-03-04T21:43:35+05:30,1087,30.69,43.59,"1014.64

",
2023-03-04T21:43:51+05:30,1088,30.69,43.56,"1014.61

",
2023-03-04T21:44:07+05:30,1089,30.69,43.46,"1014.60

",
2023-03-04T21:44:23+05:30,1090,30.69,43.46,"1014.63

",
2023-03-04T21:44:39+05:30,1091,30.68,43.46,"1014.59

",
2023-03-04T21:44:55+05:30,1092,30.69,43.4,"1014.62

",
2023-03-04T21:45:11+05:30,1093,30.69,43.39,"1014.61

",
2023-03-04T21:45:27+05:30,1094,30.68,43.4,"1014.62

",
2023-03-04T21:45:42+05:30,1095,30.68,43.33,"1014.64

",
2023-03-04T21:45:58+05:30,1096,30.68,43.32,"1014.62

",
2023-03-04T21:46:14+05:30,1097,30.69,43.31,"1014.62

",
2023-03-04T21:46:30+05:30,1098,30.68,43.25,"1014.63

",
2023-03-04T21:46:46+05:30,1099,30.69,43.2,"1014.66

",
2023-03-04T21:47:02+05:30,1100,30.68,43.22,"1014.66

",
2023-03-04T21:47:18+05:30,1101,30.68,43.22,"1014.65

",
2023-03-04T21:47:34+05:30,1102,30.67,43.19,"1014.66

",
2023-03-04T21:47:53+05:30,1103,30.67,43.13,"1014.66

",
2023-03-04T21:48:20+05:30,1104,30.67,43.2,"1014.67

",
2023-03-04T21:50:30+05:30,1105,30.67,42.84,"1014.68

",
2023-03-04T21:50:53+05:30,1106,30.68,42.77,"1014.70

",
2023-03-04T21:51:09+05:30,1107,30.68,42.7,"1014.68

",
2023-03-04T21:51:27+05:30,1108,30.67,42.63,"1014.70

",
2023-03-04T21:51:49+05:30,1109,30.66,42.7,"1014.69

",
2023-03-04T21:52:09+05:30,1110,30.66,42.66,"1014.67

",
2023-03-04T21:52:48+05:30,1111,30.66,42.57,"1014.71

",
2023-03-04T21:53:31+05:30,1112,30.66,42.57,"1014.71

",
2023-03-04T21:53:55+05:30,1113,30.65,42.5,"1014.72

",
2023-03-04T21:54:39+05:30,1114,30.66,42.43,"1014.71

",
2023-03-04T21:55:18+05:30,1115,30.65,42.41,"1014.70

",
2023-03-04T21:55:34+05:30,1116,30.66,42.44,"1014.69

",
2023-03-04T21:55:51+05:30,1117,30.66,42.33,"1014.71

",
2023-03-04T21:56:07+05:30,1118,30.65,42.34,"1014.68

",
2023-03-04T21:56:23+05:30,1119,30.66,42.45,"1014.71

",
2023-03-04T21:56:39+05:30,1120,30.66,42.4,"1014.70

",
2023-03-04T21:56:55+05:30,1121,30.64,42.38,"1014.69

",
2023-03-04T21:57:11+05:30,1122,30.64,42.33,"1014.72

",
2023-03-04T21:57:27+05:30,1123,30.65,42.32,"1014.72

",
2023-03-04T21:57:43+05:30,1124,30.65,42.28,"1014.71

",
2023-03-04T21:57:59+05:30,1125,30.66,42.26,"1014.70

",
2023-03-04T21:58:14+05:30,1126,30.65,42.13,"1014.70

",
2023-03-04T21:58:30+05:30,1127,30.66,42.11,"1014.71

",
2023-03-04T21:58:46+05:30,1128,30.67,42.13,"1014.70

",
2023-03-04T21:59:02+05:30,1129,30.67,42.13,"1014.71

",
2023-03-04T21:59:18+05:30,1130,30.66,42.16,"1014.73

",
2023-03-04T21:59:34+05:30,1131,30.66,42.17,"1014.72

",
2023-03-04T21:59:50+05:30,1132,30.67,42.17,"1014.69

",
2023-03-04T22:00:06+05:30,1133,30.67,42.16,"1014.74

",
2023-03-04T22:00:22+05:30,1134,30.67,42.12,"1014.74

",
2023-03-04T22:00:38+05:30,1135,30.67,42.12,"1014.72

",
2023-03-04T22:00:54+05:30,1136,30.67,42.1,"1014.73

",
2023-03-04T22:01:09+05:30,1137,30.68,42.09,"1014.74

",
2023-03-04T22:01:25+05:30,1138,30.67,42.09,"1014.71

",
2023-03-04T22:01:41+05:30,1139,30.67,42.11,"1014.71

",
2023-03-04T22:01:57+05:30,1140,30.68,42.1,"1014.73

",
2023-03-04T22:02:13+05:30,1141,30.67,42.12,"1014.70

",
2023-03-04T22:02:29+05:30,1142,30.67,42.09,"1014.68

",
2023-03-04T22:02:45+05:30,1143,30.67,42.08,"1014.71

",
2023-03-04T22:03:01+05:30,1144,30.66,42.05,"1014.71

",
2023-03-04T22:03:17+05:30,1145,30.67,42.05,"1014.72

",
2023-03-04T22:03:33+05:30,1146,30.67,42.09,"1014.73

",
2023-03-04T22:03:49+05:30,1147,30.67,42.08,"1014.72

",
2023-03-04T22:04:05+05:30,1148,30.67,42.04,"1014.69

",
2023-03-04T22:04:20+05:30,1149,30.68,42.04,"1014.74

",
2023-03-04T22:04:36+05:30,1150,30.68,42.03,"1014.76

",
2023-03-04T22:04:52+05:30,1151,30.68,42.01,"1014.72

",
2023-03-04T22:05:08+05:30,1152,30.69,41.96,"1014.76

",
2023-03-04T22:05:24+05:30,1153,30.69,42,"1014.75

",
2023-03-04T22:05:40+05:30,1154,30.69,42.03,"1014.72

",
2023-03-04T22:05:55+05:30,1155,30.7,41.95,"1014.78

",
2023-03-04T22:06:11+05:30,1156,30.69,41.95,"1014.73

",
2023-03-04T22:06:27+05:30,1157,30.69,41.89,"1014.75

",
2023-03-04T22:06:43+05:30,1158,30.7,41.9,"1014.77

",
2023-03-04T22:06:59+05:30,1159,30.69,41.88,"1014.74

",
2023-03-04T22:07:15+05:30,1160,30.69,41.91,"1014.77

",
2023-03-04T22:07:31+05:30,1161,30.69,41.88,"1014.77

",
2023-03-04T22:07:47+05:30,1162,30.69,41.73,"1014.74

",
2023-03-04T22:08:02+05:30,1163,30.69,41.71,"1014.78

",
2023-03-04T22:08:18+05:30,1164,30.69,41.89,"1014.76

",
2023-03-04T22:08:34+05:30,1165,30.69,41.85,"1014.77

",
2023-03-04T22:08:50+05:30,1166,30.68,41.83,"1014.79

",
2023-03-04T22:09:06+05:30,1167,30.68,41.9,"1014.80

",
2023-03-04T22:09:22+05:30,1168,30.68,41.84,"1014.76

",
2023-03-04T22:09:38+05:30,1169,30.69,41.81,"1014.78

",
2023-03-04T22:09:54+05:30,1170,30.68,41.83,"1014.78

",
2023-03-04T22:10:10+05:30,1171,30.68,41.81,"1014.80

",
2023-03-04T22:10:26+05:30,1172,30.69,41.82,"1014.78

",
2023-03-04T22:10:43+05:30,1173,30.73,42.97,"1014.79

",
2023-03-04T22:11:01+05:30,1174,30.67,41.56,"1014.87

",
2023-03-04T22:11:17+05:30,1175,30.63,41.96,"1014.84

",
2023-03-04T22:11:50+05:30,1176,30.57,41.84,"1014.83

",
2023-03-04T22:12:35+05:30,1177,30.41,42.03,1014.84,"-13.21

"
2023-03-04T22:12:51+05:30,1178,30.48,41.87,1014.85,"-13.28

"
2023-03-04T22:13:07+05:30,1179,30.48,41.74,1014.86,"-13.37

"
2023-03-04T22:13:23+05:30,1180,31,63.34,1014.83,"-13.18

"
2023-03-04T22:13:39+05:30,1181,30.75,43.13,1014.84,"-13.26

"
2023-03-04T22:13:55+05:30,1182,30.68,42.87,1014.83,"-13.13

"
2023-03-04T22:14:11+05:30,1183,30.6,42.69,1014.83,"-13.14

"
2023-03-04T22:14:27+05:30,1184,30.58,42.65,1014.81,"-12.99

"
2023-03-04T22:14:43+05:30,1185,30.55,42.15,1014.83,"-13.15

"
2023-03-04T22:14:59+05:30,1186,30.5,41.9,1014.79,"-12.85

"
2023-03-04T22:15:14+05:30,1187,30.48,41.99,1014.85,"-13.30

"
2023-03-04T22:15:30+05:30,1188,30.46,41.81,1014.83,"-13.19

"
2023-03-04T22:15:46+05:30,1189,30.42,41.65,1014.82,"-13.03

"
2023-03-04T22:16:02+05:30,1190,30.39,41.52,1014.83,"-13.18

"
2023-03-04T22:16:18+05:30,1191,30.37,41.38,1014.84,"-13.24

"
2023-03-04T22:16:34+05:30,1192,30.35,41.31,1014.82,"-13.09

"
2023-03-04T22:16:50+05:30,1193,30.33,41.28,1014.85,"-13.27

"
2023-03-04T22:17:06+05:30,1194,30.33,41.27,1014.84,"-13.21

"
2023-03-04T22:17:21+05:30,1195,30.32,41.21,1014.83,"-13.11

"
2023-03-04T22:17:37+05:30,1196,30.3,41.13,1014.84,"-13.09

"
2023-03-04T22:17:53+05:30,1197,30.29,41.12,1014.81,"-12.99

"
2023-03-04T22:18:09+05:30,1198,30.28,41.04,1014.82,"-13.07

"
2023-03-04T22:18:25+05:30,1199,30.27,41,1014.79,"-12.85

"
2023-03-04T22:18:41+05:30,1200,30.27,40.95,1014.82,"-13.03

"
2023-03-04T22:18:57+05:30,1201,30.26,40.95,1014.8,"-12.93

"
2023-03-04T22:19:13+05:30,1202,30.27,41,1014.81,"-12.98

"
2023-03-04T22:19:28+05:30,1203,30.26,40.89,1014.82,"-13.09

"
2023-03-04T22:19:44+05:30,1204,30.26,40.83,1014.8,"-12.91

"
2023-03-04T22:20:00+05:30,1205,30.25,40.7,1014.82,"-13.06

"
2023-03-04T22:20:16+05:30,1206,30.24,40.66,1014.86,"-13.37

"
2023-03-04T22:20:32+05:30,1207,30.23,40.69,1014.79,"-12.80

"
2023-03-04T22:20:48+05:30,1208,30.22,40.71,1014.83,"-13.17

"
2023-03-04T22:21:04+05:30,1209,30.22,40.66,1014.8,"-12.86

"
2023-03-04T22:21:20+05:30,1210,30.22,40.64,1014.81,"-12.98

"
2023-03-04T22:21:36+05:30,1211,30.21,40.58,1014.83,"-13.15

"
2023-03-04T22:21:52+05:30,1212,30.21,40.52,1014.82,"-13.09

"
2023-03-04T22:22:07+05:30,1213,30.2,40.44,1014.81,"-13.01

"
2023-03-04T22:22:23+05:30,1214,30.2,40.55,1014.83,"-13.16

"
2023-03-04T22:22:39+05:30,1215,30.19,40.39,1014.86,"-13.42

"
2023-03-04T22:22:55+05:30,1216,30.19,40.37,1014.85,"-13.28

"
2023-03-04T22:23:11+05:30,1217,30.19,40.31,1014.85,"-13.33

"
2023-03-04T22:23:28+05:30,1218,30.18,40.25,1014.83,"-13.15

"
2023-03-04T22:23:43+05:30,1219,30.18,40.16,1014.86,"-13.37

"
2023-03-04T22:23:59+05:30,1220,30.17,40.17,1014.87,"-13.46

"
2023-03-04T22:24:32+05:30,1221,30.06,40.39,1014.83,"-13.17

"
2023-03-04T22:24:48+05:30,1222,30.1,40.26,1014.86,"-13.41

"
2023-03-04T22:25:03+05:30,1223,30.15,40.37,1014.88,"-13.60

"
2023-03-04T22:25:19+05:30,1224,30.18,40.28,1014.87,"-13.47

"
2023-03-04T22:25:35+05:30,1225,30.2,40.22,1014.92,"-13.86

"
2023-03-04T22:25:51+05:30,1226,30.21,40.08,1014.88,"-13.55

"
2023-03-04T22:26:07+05:30,1227,30.22,40.07,1014.9,"-13.64

"
2023-03-04T22:26:23+05:30,1228,30.23,39.95,1014.87,"-13.51

"
2023-03-04T22:26:40+05:30,1229,30.23,39.96,1014.9,"-13.69

"
2023-03-04T22:26:55+05:30,1230,30.23,39.92,1014.88,"-13.54

"
2023-03-04T22:27:11+05:30,1231,30.23,39.8,1014.89,"-13.65

"
2023-03-04T22:27:27+05:30,1232,30.29,41.42,1014.86,"-13.36

"
2023-03-04T22:27:53+05:30,1233,30.25,40.91,1014.84,"-13.26

"
2023-03-04T22:28:08+05:30,1234,30.31,41.4,1014.75,"-12.44

"
2023-03-04T22:28:29+05:30,1235,30.5,44.34,1014.74,"-12.42

"
2023-03-04T22:28:45+05:30,1236,30.62,44.29,1014.67,"-11.78

"
2023-03-04T22:29:01+05:30,1237,30.63,43.7,1014.66,"-11.74

"
2023-03-04T22:29:17+05:30,1238,30.65,43.84,1014.67,"-11.81

"
2023-03-04T22:29:39+05:30,1239,30.68,43.91,1014.66,"-11.71

"
2023-03-04T22:29:54+05:30,1240,30.67,43.68,1014.67,"-11.79

"
2023-03-04T22:30:10+05:30,1241,30.68,43.6,1014.66,"-11.71

"
2023-03-04T22:30:26+05:30,1242,30.68,43.5,1014.64,"-11.58

"
2023-03-04T22:30:42+05:30,1243,30.63,43.8,1014.66,"-11.70

"
2023-03-04T22:30:58+05:30,1244,30.6,43.98,1014.64,"-11.60

"
2023-03-04T22:31:14+05:30,1245,30.59,43.75,1014.64,"-11.57

"
2023-03-04T22:31:30+05:30,1246,30.63,43.9,1014.65,"-11.67

"
2023-03-04T22:31:47+05:30,1247,30.64,43.95,1014.65,"-11.66

"
2023-03-04T22:32:03+05:30,1248,30.65,44.12,1014.64,"-11.55

"
2023-03-04T22:32:19+05:30,1249,30.64,44.05,1014.68,"-11.94

"
2023-03-04T22:32:37+05:30,1250,30.64,44.05,1014.64,"-11.54

"
2023-03-04T22:32:53+05:30,1251,30.67,43.76,1014.62,"-11.40

"
2023-03-04T22:33:09+05:30,1252,30.67,44.14,1014.64,"-11.53

"
2023-03-04T22:33:25+05:30,1253,30.68,43.98,1014.66,"-11.74

"
2023-03-04T22:33:41+05:30,1254,30.72,43.74,1014.64,"-11.57

"
2023-03-04T22:33:57+05:30,1255,30.69,43.89,1014.63,"-11.47

"
2023-03-04T22:34:13+05:30,1256,30.68,44,1014.64,"-11.54

"
2023-03-04T22:34:29+05:30,1257,30.62,44.29,1014.63,"-11.51

"
2023-03-04T22:34:45+05:30,1258,30.6,43.92,1014.62,"-11.42

"
2023-03-04T22:35:01+05:30,1259,30.59,44.48,1014.66,"-11.75

"
2023-03-04T22:35:20+05:30,1260,30.63,44.24,1014.65,"-11.66

"
2023-03-04T22:35:47+05:30,1261,30.6,43.99,1014.63,"-11.47

"
2023-03-04T22:36:03+05:30,1262,30.59,43.93,1014.63,"-11.45

"
2023-03-04T22:36:19+05:30,1263,30.58,44.01,1014.61,"-11.35

"
2023-03-04T22:36:38+05:30,1264,30.59,44.12,1014.63,"-11.48

"
2023-03-04T22:36:54+05:30,1265,30.58,44.37,1014.63,"-11.52

"
2023-03-04T22:37:11+05:30,1266,30.58,44.5,1014.62,"-11.37

"
2023-03-04T22:37:27+05:30,1267,30.6,44.08,1014.61,"-11.35

"
2023-03-04T22:37:43+05:30,1268,30.59,44.21,1014.61,"-11.28

"
2023-03-04T22:37:59+05:30,1269,30.57,44.13,1014.61,"-11.26

"
2023-03-04T22:38:16+05:30,1270,30.57,44.31,1014.59,"-11.12

"
2023-03-04T22:38:32+05:30,1271,30.58,44.31,1014.62,"-11.39

"
2023-03-04T22:38:48+05:30,1272,30.59,44.17,1014.62,"-11.36

"
2023-03-04T22:39:04+05:30,1273,30.58,44.3,1014.63,"-11.46

"
2023-03-04T22:39:21+05:30,1274,30.57,44.2,1014.61,"-11.29

"
2023-03-04T22:39:39+05:30,1275,30.58,44.15,1014.6,"-11.21

"
2023-03-04T22:39:55+05:30,1276,30.57,44.43,1014.6,"-11.22

"
2023-03-04T22:40:14+05:30,1277,30.57,44.27,1014.59,"-11.13

"
2023-03-04T22:40:30+05:30,1278,30.55,44.35,1014.6,"-11.23

"
2023-03-04T22:40:46+05:30,1279,30.56,44.39,1014.64,"-11.53

"
2023-03-04T22:41:02+05:30,1280,30.55,44.31,1014.6,"-11.23

"
2023-03-04T22:41:19+05:30,1281,30.55,44.09,1014.59,"-11.14

"
2023-03-04T22:41:35+05:30,1282,30.54,44.04,1014.62,"-11.41

"
2023-03-04T22:41:51+05:30,1283,30.55,44.28,1014.61,"-11.31

"
2023-03-04T22:42:07+05:30,1284,30.55,44.03,1014.61,"-11.32

"
2023-03-04T22:42:23+05:30,1285,30.55,44.41,1014.61,"-11.34

"
2023-03-04T22:42:40+05:30,1286,30.57,44.03,1014.61,"-11.31

"
2023-03-04T22:42:56+05:30,1287,30.59,44.15,1014.59,"-11.18

"
2023-03-04T22:43:12+05:30,1288,30.63,43.9,1014.63,"-11.48

"
2023-03-04T22:43:28+05:30,1289,30.67,43.8,1014.61,"-11.29

"
2023-03-04T22:43:44+05:30,1290,30.69,44.03,1014.6,"-11.22

"
2023-03-04T22:43:59+05:30,1291,30.72,43.95,1014.65,"-11.65

"
2023-03-04T22:44:15+05:30,1292,30.72,43.9,1014.6,"-11.25

"
2023-03-04T22:44:31+05:30,1293,30.78,43.7,1014.6,"-11.27

"
2023-03-04T22:44:48+05:30,1294,30.82,43.87,1014.6,"-11.27

"
2023-03-04T22:45:08+05:30,1295,30.87,43.52,1014.61,"-11.31

"
2023-03-04T22:45:26+05:30,1296,30.88,43.98,1014.6,"-11.21

"
2023-03-04T22:45:42+05:30,1297,30.85,43.84,1014.62,"-11.41

"
2023-03-04T22:45:58+05:30,1298,30.82,43.87,1014.6,"-11.27

"
2023-03-04T22:46:14+05:30,1299,30.83,43.89,1014.62,"-11.37

"
2023-03-04T22:46:30+05:30,1300,30.79,43.94,1014.62,"-11.37

"
2023-03-04T22:46:46+05:30,1301,30.79,43.71,1014.65,"-11.61

"
2023-03-04T22:47:02+05:30,1302,30.78,43.69,1014.62,"-11.36

"
2023-03-04T22:47:18+05:30,1303,30.77,43.76,1014.65,"-11.68

"
2023-03-04T22:47:35+05:30,1304,30.73,44.04,1014.65,"-11.67

"
2023-03-04T22:47:51+05:30,1305,30.71,44.25,1014.66,"-11.71

"
2023-03-04T22:48:07+05:30,1306,30.76,43.9,1014.65,"-11.64

"
2023-03-04T22:48:23+05:30,1307,30.81,43.74,1014.65,"-11.69

"
2023-03-04T22:48:39+05:30,1308,30.86,43.66,1014.65,"-11.63

"
2023-03-04T22:48:55+05:30,1309,30.9,43.54,1014.67,"-11.85

"
2023-03-04T22:49:11+05:30,1310,30.86,43.5,1014.64,"-11.59

"
2023-03-04T22:49:26+05:30,1311,30.87,43.59,1014.66,"-11.73

"
2023-03-04T22:49:43+05:30,1312,30.82,43.44,1014.64,"-11.58

"
2023-03-04T22:50:00+05:30,1313,30.83,43.36,1014.63,"-11.48

"
2023-03-04T22:50:16+05:30,1314,30.8,43.38,1014.66,"-11.71

"
2023-03-04T22:50:33+05:30,1315,30.79,43.7,1014.67,"-11.83

"
2023-03-04T22:50:49+05:30,1316,30.79,43.34,1014.66,"-11.74

"
2023-03-04T22:51:06+05:30,1317,30.76,43.34,1014.67,"-11.81

"
2023-03-04T22:51:22+05:30,1318,30.75,43.43,1014.71,"-12.15

"
2023-03-04T22:51:44+05:30,1319,30.72,43.5,1014.66,"-11.75

"
2023-03-04T22:52:00+05:30,1320,30.76,43.3,1014.68,"-11.87

"
2023-03-04T22:52:16+05:30,1321,30.76,43.34,1014.68,"-11.92

"
2023-03-04T22:52:32+05:30,1322,30.77,43.34,1014.64,"-11.71

"
2023-03-04T22:52:48+05:30,1323,30.77,43.31,1014.65,"-11.61

"
2023-03-04T22:53:04+05:30,1324,30.77,43.33,1014.68,"-11.90

"
2023-03-04T22:53:22+05:30,1325,30.77,43.56,1014.64,"-11.56

"
2023-03-04T22:53:38+05:30,1326,30.77,43.43,1014.69,"-11.99

"
2023-03-04T22:53:56+05:30,1327,30.78,43.51,1014.66,"-11.70

"
2023-03-04T22:54:12+05:30,1328,30.74,43.3,1014.67,"-11.81

"
2023-03-04T22:54:28+05:30,1329,30.73,43.53,1014.69,"-11.99

"
2023-03-04T22:54:44+05:30,1330,30.74,43.58,1014.67,"-11.83

"
2023-03-04T22:55:00+05:30,1331,30.72,43.75,1014.69,"-11.95

"
2023-03-04T22:55:16+05:30,1332,30.76,43.34,1014.65,"-11.64

"
2023-03-04T22:55:32+05:30,1333,30.73,43.56,1014.66,"-11.75

"
2023-03-04T22:55:48+05:30,1334,30.77,43.49,1014.64,"-11.53

"
2023-03-04T22:56:14+05:30,1335,30.75,43.76,1014.68,"-11.89

"
2023-03-04T22:56:29+05:30,1336,30.77,43.51,1014.62,"-11.41

"
2023-03-04T22:56:45+05:30,1337,30.74,43.57,1014.69,"-12.01

"
2023-03-04T22:57:02+05:30,1338,30.75,43.89,1014.67,"-11.79

"
2023-03-04T22:57:18+05:30,1339,30.76,43.91,1014.64,"-11.54

"
2023-03-04T22:57:34+05:30,1340,30.73,43.77,1014.66,"-11.71

"
2023-03-04T22:57:50+05:30,1341,30.71,43.85,1014.66,"-11.77

"
2023-03-04T22:58:06+05:30,1342,30.71,44.18,1014.68,"-11.94

"
2023-03-04T22:58:23+05:30,1343,30.71,44.2,1014.67,"-11.84

"
2023-03-04T22:58:40+05:30,1344,30.73,44.54,1014.64,"-11.55

"
2023-03-04T22:58:56+05:30,1345,30.71,44.69,1014.65,"-11.69

"
2023-03-04T22:59:12+05:30,1346,30.71,44.67,1014.67,"-11.79

"
2023-03-04T22:59:28+05:30,1347,30.72,44.39,1014.66,"-11.70

"
2023-03-04T22:59:43+05:30,1348,30.73,44.39,1014.66,"-11.75

"
2023-03-04T23:00:01+05:30,1349,30.73,44.53,1014.65,"-11.62

"
2023-03-04T23:00:16+05:30,1350,30.73,44.35,1014.65,"-11.66

"
2023-03-04T23:00:33+05:30,1351,30.75,44.31,1014.62,"-11.42

"
2023-03-04T23:00:49+05:30,1352,30.77,44.54,1014.64,"-11.60

"
2023-03-04T23:01:05+05:30,1353,30.79,44.37,1014.67,"-11.84

"
2023-03-04T23:01:21+05:30,1354,30.8,44.25,1014.66,"-11.72

"
2023-03-04T23:01:37+05:30,1355,30.81,44.37,1014.63,"-11.47

"
2023-03-04T23:01:53+05:30,1356,30.82,44.4,1014.63,"-11.47

"
2023-03-04T23:02:09+05:30,1357,30.81,44.51,1014.66,"-11.73

"
2023-03-04T23:02:25+05:30,1358,30.82,44.38,1014.62,"-11.44

"
2023-03-04T23:02:41+05:30,1359,30.82,44.46,1014.64,"-11.60

"
2023-03-04T23:02:57+05:30,1360,30.81,44.48,1014.64,"-11.54

"
2023-03-04T23:03:13+05:30,1361,30.83,44.61,1014.64,"-11.55

"
2023-03-04T23:03:29+05:30,1362,30.82,44.7,1014.63,"-11.50

"
2023-03-04T23:03:45+05:30,1363,30.83,44.64,1014.62,"-11.40

"
2023-03-04T23:04:01+05:30,1364,30.85,44.65,1014.65,"-11.66

"
2023-03-04T23:04:17+05:30,1365,30.84,44.69,1014.66,"-11.73

"
2023-03-04T23:04:33+05:30,1366,30.85,44.66,1014.63,"-11.50

"
2023-03-04T23:04:49+05:30,1367,30.83,44.73,1014.62,"-11.37

"
2023-03-04T23:05:05+05:30,1368,30.84,44.86,1014.64,"-11.54

"
2023-03-04T23:05:21+05:30,1369,30.84,44.76,1014.62,"-11.42

"
2023-03-04T23:05:37+05:30,1370,30.83,44.82,1014.62,"-11.41

"
2023-03-04T23:05:55+05:30,1371,30.83,44.85,1014.63,"-11.45

"
2023-03-04T23:06:11+05:30,1372,30.82,44.89,1014.64,"-11.55

"
2023-03-04T23:06:27+05:30,1373,30.81,44.89,1014.64,"-11.56

"
2023-03-04T23:06:43+05:30,1374,30.8,44.99,1014.61,"-11.31

"
2023-03-04T23:06:59+05:30,1375,30.8,45,1014.61,"-11.33

"
2023-03-04T23:07:15+05:30,1376,30.82,45,1014.59,"-11.12

"
2023-03-04T23:07:31+05:30,1377,30.82,45.09,1014.62,"-11.37

"
2023-03-04T23:07:47+05:30,1378,30.82,45,1014.58,"-11.03

"
2023-03-04T23:08:02+05:30,1379,30.82,45.02,1014.61,"-11.29

"
2023-03-04T23:08:18+05:30,1380,30.83,45.09,1014.59,"-11.15

"
2023-03-04T23:08:34+05:30,1381,30.83,45.04,1014.58,"-11.09

"
2023-03-04T23:08:50+05:30,1382,30.82,45.32,1014.59,"-11.14

"
2023-03-04T23:09:06+05:30,1383,30.84,44.97,1014.57,"-10.97

"
2023-03-04T23:09:22+05:30,1384,30.84,44.95,1014.59,"-11.14

"
2023-03-04T23:09:38+05:30,1385,30.85,45.09,1014.58,"-11.05

"
2023-03-04T23:09:54+05:30,1386,30.83,45.1,1014.55,"-10.80

"
2023-03-04T23:10:10+05:30,1387,30.85,45.09,1014.59,"-11.15

"
2023-03-04T23:10:26+05:30,1388,30.87,45.1,1014.57,"-11.00

"
2023-03-04T23:10:42+05:30,1389,30.81,45.47,1014.55,"-10.78

"
2023-03-04T23:10:58+05:30,1390,30.82,45.03,1014.54,"-10.74

"
2023-03-04T23:11:14+05:30,1391,30.83,45.06,1014.55,"-10.79

"
2023-03-04T23:11:30+05:30,1392,30.83,45.16,1014.55,"-10.85

"
2023-03-04T23:11:45+05:30,1393,30.83,45.19,1014.57,"-10.94

"
2023-03-04T23:12:01+05:30,1394,30.83,45.14,1014.55,"-10.85

"
2023-03-04T23:12:17+05:30,1395,30.86,45,1014.56,"-10.89

"
2023-03-04T23:12:33+05:30,1396,30.82,44.98,1014.53,"-10.68

"
2023-03-04T23:12:49+05:30,1397,30.83,44.97,1014.55,"-10.82

"
2023-03-04T23:13:05+05:30,1398,30.8,45.05,1014.54,"-10.77

"
2023-03-04T23:13:21+05:30,1399,30.79,45.05,1014.52,"-10.56

"
2023-03-04T23:13:36+05:30,1400,30.8,45.11,1014.51,"-10.40

"
2023-03-04T23:13:52+05:30,1401,30.82,44.95,1014.52,"-10.58

"
2023-03-04T23:14:08+05:30,1402,30.81,44.95,1014.52,"-10.61

"
2023-03-04T23:14:24+05:30,1403,30.81,44.96,1014.51,"-10.45

"
2023-03-04T23:14:40+05:30,1404,30.79,45.2,1014.53,"-10.67

"
2023-03-04T23:14:56+05:30,1405,30.79,45.11,1014.53,"-10.66

"
2023-03-04T23:15:12+05:30,1406,30.77,45.15,1014.52,"-10.53

"
2023-03-04T23:15:28+05:30,1407,30.79,45.1,1014.52,"-10.59

"
2023-03-04T23:15:44+05:30,1408,30.8,44.94,1014.53,"-10.65

"
2023-03-04T23:16:00+05:30,1409,30.81,44.84,1014.51,"-10.52

"
2023-03-04T23:16:15+05:30,1410,30.81,44.86,1014.55,"-10.83

"
2023-03-04T23:16:30+05:30,1411,30.82,44.89,1014.54,"-10.77

"
2023-03-04T23:16:46+05:30,1412,30.79,44.85,1014.53,"-10.67

"
2023-03-04T23:17:02+05:30,1413,30.81,44.76,1014.54,"-10.62

"
2023-03-04T23:17:17+05:30,1414,30.82,44.74,1014.52,"-10.58

"
2023-03-04T23:17:33+05:30,1415,30.83,44.76,1014.52,"-10.56

"
2023-03-04T23:17:49+05:30,1416,30.8,44.87,1014.49,"-10.32

"
2023-03-04T23:18:05+05:30,1417,30.8,44.89,1014.5,"-10.40

"
2023-03-04T23:18:21+05:30,1418,30.81,44.89,1014.5,"-10.41

"
2023-03-04T23:18:37+05:30,1419,30.79,44.99,1014.51,"-10.51

"
2023-03-04T23:18:53+05:30,1420,30.79,45.4,1014.48,"-10.25

"
2023-03-04T23:19:09+05:30,1421,30.8,44.93,1014.49,"-10.28

"
2023-03-04T23:19:25+05:30,1422,30.81,44.92,1014.5,"-10.37

"
2023-03-04T23:19:41+05:30,1423,30.81,44.88,1014.49,"-10.33

"
2023-03-04T23:19:57+05:30,1424,30.82,44.78,1014.48,"-10.20

"
2023-03-04T23:20:19+05:30,1425,30.86,44.73,1014.48,"-10.20

"
2023-03-04T23:20:34+05:30,1426,30.89,44.68,1014.48,"-10.21

"
2023-03-04T23:20:50+05:30,1427,30.92,44.69,1014.5,"-10.43

"
2023-03-04T23:21:06+05:30,1428,30.94,44.62,1014.5,"-10.37

"
2023-03-04T23:21:22+05:30,1429,30.97,44.69,1014.48,"-10.25

"
2023-03-04T23:21:38+05:30,1430,30.99,44.66,1014.49,"-10.36

"
2023-03-04T23:21:54+05:30,1431,31.01,44.63,1014.49,"-10.31

"
2023-03-04T23:23:07+05:30,1432,31.08,44.53,1014.47,"-10.12

"
2023-03-04T23:23:23+05:30,1433,31.1,44.54,1014.5,"-10.41

"
2023-03-04T23:23:39+05:30,1434,31.1,44.49,1014.48,"-10.24

"
2023-03-04T23:23:55+05:30,1435,31.1,45.2,1014.44,"-9.91

"
2023-03-04T23:24:11+05:30,1436,31.09,44.96,1014.46,"-10.03

"
2023-03-04T23:24:27+05:30,1437,31.08,45.01,1014.45,"-10.00

"
2023-03-04T23:24:43+05:30,1438,31.08,45.41,1014.46,"-10.13

"
2023-03-04T23:25:00+05:30,1439,31.08,46.41,1014.45,"-10.03

"
2023-03-04T23:25:16+05:30,1440,31.07,45.22,1014.46,"-10.11

"
2023-03-04T23:25:31+05:30,1441,31.07,45.05,1014.45,"-9.98

"
2023-03-04T23:25:47+05:30,1442,31.07,44.96,1014.44,"-9.91

"
2023-03-04T23:26:03+05:30,1443,31.07,44.9,1014.46,"-10.04

"
2023-03-04T23:26:19+05:30,1444,31.07,44.83,1014.45,"-10.00

"
2023-03-04T23:26:35+05:30,1445,31.06,45,1014.42,"-9.74

"
2023-03-04T23:26:51+05:30,1446,31.06,45.3,1014.4,"-9.58

"
2023-03-04T23:27:07+05:30,1447,31.07,45.28,1014.44,"-9.88

"
2023-03-04T23:27:23+05:30,1448,31.08,45.22,1014.41,"-9.68

"
2023-03-04T23:27:39+05:30,1449,31.09,45.14,1014.4,"-9.60

"
2023-03-04T23:27:55+05:30,1450,31.11,45.07,1014.43,"-9.86

"
2023-03-04T23:28:11+05:30,1451,31.1,45.16,1014.39,"-9.51

"
2023-03-04T23:28:27+05:30,1452,31.1,45.17,1014.4,"-9.58

"
2023-03-04T23:28:43+05:30,1453,31.09,45.17,1014.41,"-9.64

"
2023-03-04T23:28:59+05:30,1454,31.09,45.18,1014.41,"-9.69

"
2023-03-04T23:29:15+05:30,1455,31.11,45.19,1014.39,"-9.51

"
2023-03-04T23:29:31+05:30,1456,31.12,45.2,1014.38,"-9.43

"
2023-03-04T23:29:47+05:30,1457,31.13,45.12,1014.39,"-9.45

"
2023-03-04T23:30:03+05:30,1458,31.14,45.2,1014.39,"-9.46

"
2023-03-04T23:30:19+05:30,1459,31.14,45.22,1014.4,"-9.56

"
2023-03-04T23:30:34+05:30,1460,31.14,45.1,1014.38,"-9.39

"
2023-03-04T23:30:51+05:30,1461,31.13,45.18,1014.38,"-9.43

"
2023-03-04T23:31:07+05:30,1462,31.12,45.97,1014.38,"-9.39

"
2023-03-04T23:31:22+05:30,1463,31.1,45.38,1014.38,"-9.42

"
2023-03-04T23:31:38+05:30,1464,31.11,45.69,1014.38,"-9.41

"
2023-03-04T23:31:54+05:30,1465,31.11,45.68,1014.39,"-9.46

"
2023-03-04T23:32:10+05:30,1466,31.1,45.69,1014.37,"-9.31

"
2023-03-04T23:32:26+05:30,1467,31.1,45.86,1014.35,"-9.15

"
2023-03-04T23:32:42+05:30,1468,31.1,45.86,1014.36,"-9.26

"
2023-03-04T23:32:58+05:30,1469,31.12,45.75,1014.33,"-9.00

"
2023-03-04T23:33:14+05:30,1470,31.11,45.82,1014.37,"-9.28

"
2023-03-04T23:33:30+05:30,1471,31.11,45.75,1014.39,"-9.48

"
2023-03-04T23:33:46+05:30,1472,31.11,45.69,1014.36,"-9.21

"
2023-03-04T23:34:02+05:30,1473,31.13,45.6,1014.35,"-9.18

"
2023-03-04T23:34:18+05:30,1474,31.13,45.53,1014.35,"-9.15

"
2023-03-04T23:34:34+05:30,1475,31.13,45.55,1014.36,"-9.21

"
2023-03-04T23:34:50+05:30,1476,31.12,45.53,1014.34,"-9.04

"
2023-03-04T23:35:05+05:30,1477,31.12,45.56,1014.35,"-9.15

"
2023-03-04T23:35:21+05:30,1478,31.12,45.5,1014.34,"-9.04

"
2023-03-04T23:35:37+05:30,1479,31.13,45.4,1014.33,"-9.02

"
2023-03-04T23:35:53+05:30,1480,31.12,45.37,1014.33,"-9.01

"
2023-03-04T23:36:09+05:30,1481,31.13,45.28,1014.32,"-8.93

"
2023-03-04T23:36:25+05:30,1482,31.11,45.26,1014.33,"-9.02

"
2023-03-04T23:36:41+05:30,1483,31.12,45.13,1014.3,"-8.75

"
2023-03-04T23:36:57+05:30,1484,31.13,45.17,1014.33,"-8.96

"
2023-03-04T23:37:13+05:30,1485,31.12,45.1,1014.31,"-8.83

"
2023-03-04T23:37:29+05:30,1486,31.13,45.02,1014.32,"-8.88

"
2023-03-04T23:37:45+05:30,1487,31.12,45.03,1014.3,"-8.71

"
2023-03-04T23:38:01+05:30,1488,31.12,44.93,1014.3,"-8.72

"
2023-03-04T23:38:17+05:30,1489,31.11,44.87,1014.3,"-8.71

"
2023-03-04T23:38:32+05:30,1490,31.11,45.02,1014.3,"-8.70

"
2023-03-04T23:38:48+05:30,1491,31.1,44.87,1014.29,"-8.62

"
2023-03-04T23:39:04+05:30,1492,31.11,44.9,1014.27,"-8.48

"
2023-03-04T23:39:20+05:30,1493,31.11,44.78,1014.25,"-8.32

"
2023-03-04T23:39:36+05:30,1494,31.12,44.76,1014.26,"-8.44

"
2023-03-04T23:39:52+05:30,1495,31.12,44.73,1014.29,"-8.69

"
2023-03-04T23:40:08+05:30,1496,31.13,44.67,1014.28,"-8.57

"
2023-03-04T23:40:24+05:30,1497,31.13,44.67,1014.27,"-8.52

"
2023-03-04T23:40:40+05:30,1498,31.13,44.64,1014.28,"-8.55

"
2023-03-04T23:40:56+05:30,1499,31.13,44.52,1014.27,"-8.48

"
2023-03-04T23:41:12+05:30,1500,31.13,44.61,1014.27,"-8.45

"
2023-03-04T23:41:28+05:30,1501,31.14,44.47,1014.31,"-8.79

"
2023-03-04T23:41:44+05:30,1502,31.13,44.59,1014.28,"-8.58

"
2023-03-04T23:41:59+05:30,1503,31.12,44.48,1014.29,"-8.63

"
2023-03-04T23:42:15+05:30,1504,31.13,44.37,1014.24,"-8.22

"
2023-03-04T23:42:31+05:30,1505,31.13,44.36,1014.27,"-8.53

"
2023-03-04T23:42:47+05:30,1506,31.13,44.33,1014.26,"-8.40

"
2023-03-04T23:43:03+05:30,1507,31.15,44.31,1014.24,"-8.22

"
2023-03-04T23:43:19+05:30,1508,31.15,44.21,1014.26,"-8.42

"
2023-03-04T23:43:35+05:30,1509,31.15,44.31,1014.28,"-8.60

"
2023-03-04T23:43:51+05:30,1510,31.14,44.09,1014.28,"-8.54

"
2023-03-04T23:44:07+05:30,1511,31.12,44.21,1014.25,"-8.34

"
2023-03-04T23:44:23+05:30,1512,31.13,44.27,1014.26,"-8.42

"
2023-03-04T23:44:38+05:30,1513,31.11,44.1,1014.27,"-8.53

"
2023-03-04T23:44:54+05:30,1514,31.11,44.08,1014.28,"-8.54

"
2023-03-04T23:45:10+05:30,1515,31.1,43.98,1014.25,"-8.28

"
2023-03-04T23:45:26+05:30,1516,31.1,44.01,1014.26,"-8.43

"
2023-03-04T23:45:42+05:30,1517,31.1,44.01,1014.28,"-8.59

"
2023-03-04T23:45:58+05:30,1518,31.09,44.01,1014.26,"-8.40

"
2023-03-04T23:46:14+05:30,1519,31.09,43.99,1014.27,"-8.45

"
2023-03-04T23:46:30+05:30,1520,31.08,44.01,1014.25,"-8.33

"
2023-03-04T23:46:46+05:30,1521,31.08,43.91,1014.26,"-8.43

"
2023-03-04T23:47:02+05:30,1522,31.07,43.95,1014.27,"-8.45

"
